family,t,T0,T1,T2,T3,T4
E1,0,0.9950124791926823,0.0,0.0,0.0,0.0
E1,20,13.968314658883836,4.504611221661946,1.1403403088360204,0.2299102514875668,0.04212283460226472
E1,40,21.456137688596428,9.77324707490109,3.8826394551324874,1.3604748931887307,0.5054384943567204
E1,60,26.80474590043121,14.134881796210793,6.8279444705081955,3.0935191300982163,1.5829050435035652
E1,80,30.94208704539605,17.7347757315698,9.594806422436545,5.071555078302245,3.0950407156340805
E1,100,34.28774395671407,20.764227149623412,12.120400208748167,7.102845771720598,4.825585821440594
E1,120,37.077337692532446,23.362359294121813,14.410413778192158,9.08680549515226,6.621424760956093
E1,140,39.45676450367747,25.62464899816053,16.483532759532224,10.971199934277804,8.389404028258017
E1,160,41.52105766442394,27.617012925158598,18.35959075237873,12.731048410862696,10.077479278519135
E1,180,43.334402135488254,29.38613115417363,20.057166275254364,14.35710206313318,11.65934040134294
E1,200,44.94166303215872,30.96618678820407,21.593206512263357,15.849131405599298,13.12417176633239
E1,220,46.375351008866744,32.38313707622848,22.98307543825359,17.2119199425236,14.47022418886878
E1,240,47.65991784642226,33.65740568524158,24.240681333560854,18.45286333437971,15.700869692381723
E1,260,48.814435527299324,34.805587030645796,25.378610309563758,19.580539986416525,16.82221008246143
E1,280,49.85428311718373,35.84153594745231,26.408251048762445,20.60387255782577,17.841643996679267
E1,300,49.797208285152884,36.77707478082835,27.339908521616884,21.531648672280326,18.767021300781014
E1,320,37.67076877995533,33.117850266735125,27.04256675606979,22.14234880026038,19.56403287946335
E1,340,30.948099939215563,28.61346045401959,25.06304423531945,21.77309136922694,19.861116282087732
E1,360,26.291143452239304,24.942918682382377,22.807928052390466,20.729331847559827,19.47237567303186
E1,380,22.779211092354377,21.9680897229822,20.665574781581135,19.375248285639632,18.58384857807158
E1,400,19.99918682912088,19.50405941048898,18.705059817836595,17.908694131796047,17.41782846931731
E1,420,17.721238319744238,17.41744233230281,16.926350711191496,16.43582826765015,16.132953228958428
E1,440,15.8046685872199,15.617929620578689,15.315879139800764,15.013951656108732,14.827411702934613
E1,460,14.1591251215188,14.044266112273453,13.858441834833855,13.672644136590218,13.557828133387352
E1,480,12.724643689710296,12.653980603236961,12.539649974315628,12.425325089056026,12.354671296022582
E1,500,11.460169263942138,11.416692784942091,11.346347368348331,11.276003192937715,11.232528722214182
E1,520,10.336633171077525,10.30988290241206,10.26660027549362,10.223317916790071,10.196568082105413
E1,540,9.332694662211505,9.316235559568005,9.289604218957285,9.262972936306769,9.246513927444845
E1,560,8.432094639996771,8.42196752732357,8.405581524943353,8.389195535088106,8.379068442680742
E1,580,7.621997954690748,7.615766841348502,7.6056846903626765,7.59560254208345,7.58937143312057
E1,600,6.89194549600288,6.8881115513150375,6.881908098972301,6.875704647214451,6.871870703472971
E1,620,6.233183871615024,6.230824881618154,6.22700795572635,6.223191029960936,6.220832040168573
E1,640,5.638229783832542,5.636778319466852,5.634429800811801,5.632081282184062,5.630629817862566
E1,660,5.10058100696147,5.099687934567734,5.098242913085027,5.096797891608224,5.095904819224037
E1,680,4.614519561215558,4.613970062154873,4.613080953998929,4.612191845844258,4.611642346785636
E1,700,4.174973421126623,4.174635319511914,4.174088259607887,4.173541199704134,4.173203098089873
E1,720,3.777415875053254,3.777207844302815,3.7768712434779497,3.7765346426531448,3.7763266119028045
E1,740,3.4177895308998956,3.417661531531491,3.4174544242028833,3.417247316874288,3.4171193175059043
E1,760,3.0924468254570785,3.092368068646947,3.0922406374513103,3.0921132062556773,3.09203444944555
E1,780,2.7981018998822376,2.7980534415560783,2.797975034337314,2.797896627118553,2.7978481687923957
E1,800,2.5317905649780386,2.5317607490247234,2.531712505798851,2.53166426257298,2.5316344466196656
E1,820,2.29083623603677,2.2908178905605094,2.290788206956382,2.2907585233522556,2.2907401778759966
E1,840,2.072820438292059,2.072809150492685,2.072790886449639,2.072772622406593,2.0727613346072187
E1,860,1.8755569367948635,1.8755499915178417,1.8755387538235597,1.8755275161292768,1.8755205708522547
E1,880,1.697068831247691,1.6970645578839199,1.6970576434360913,1.697050728988262,1.69704645562449
E1,900,1.535568140100386,1.5355655107397614,1.5355612563449028,1.535557001950044,1.5355543725894194
E1,920,1.3894375179373228,1.389435900116406,1.3894332824271762,1.3894306647379462,1.3894290469170296
E1,940,1.257213829874278,1.2572128344442512,1.2572112238046342,1.2572096131650177,1.257208617734991
E1,960,1.1375733611634091,1.1375727486846552,1.1375717576732143,1.1375707666617738,1.1375701541830205
E1,980,1.029318478656128,1.0293181018036992,1.0293174920436596,1.0293168822836205,1.0293165054311915
E1,1000,0.9313655888934274,0.9313653570196643,0.9313649818400346,0.931364606660405,0.9313643747866421
E1,1020,0.8427342589315011,0.8427341162617507,0.8427338854172454,0.8427336545727402,0.8427335119029897
E1,1040,0.7625373827921686,0.7625372950088104,0.7625371529723526,0.7625370109358949,0.7625369231525366
E1,1060,0.6899722900579713,0.6899722360456946,0.689972148651995,0.6899720612582956,0.6899720072460189
E1,1080,0.6243127045087647,0.6243126712755176,0.6243126175029946,0.6243125637304716,0.6243125304972246
E1,1100,0.5649014704025151,0.5649014499544102,0.5649014168686812,0.5649013837829525,0.5649013633348475
E1,1120,0.5111439724231785,0.5111439598416513,0.5111439394843127,0.5111439191269744,0.5111439065454475
E1,1140,0.46250218271468946,0.46250217497339385,0.46250216244771436,0.46250214992203514,0.46250214218073965
E1,1160,0.41848927497531746,0.41848927021217086,0.4184892625052379,0.41848925479830495,0.41848925003515847
E1,1180,0.3786647514337354,0.37866474850301596,0.37866474376101245,0.3786647390190089,0.3786647360882895
E1,1200,0.34263003376691714,0.34263003196367303,0.34263002904596285,0.34263002612825255,0.3426300243250084
E1,1220,0.31002447372829384,0.3100244726187747,0.3100244708235349,0.3100244690282951,0.3100244679187759
E1,1240,0.28052174349520287,0.2805217428125262,0.280521741707932,0.28052174060333784,0.2805217399206612
E1,1260,0.25382656956964655,0.253826569149602,0.2538265684699556,0.2538265677903092,0.25382656737026466
E1,1280,0.22967177751991188,0.22967177726146237,0.22967177684328238,0.22967177642510234,0.22967177616665282
E1,1300,0.20781561797093048,0.207815617811909,0.20781561755460679,0.20781561729730452,0.20781561713828295
E1,1320,0.18803934707181896,0.18803934697397454,0.18803934681565887,0.1880393466573432,0.18803934655949872
E1,1340,0.170145037219462,0.17014503715925924,0.1701450370618491,0.17014503696443892,0.17014503690423613
E1,1360,0.15395359612365392,0.15395359608661177,0.15395359602667627,0.15395359596674063,0.1539535959296984
E1,1380,0.1393029743857984,0.13930297436300665,0.13930297432612893,0.13930297428925115,0.13930297426645932
E1,1400,0.1260465436506981,0.12604654363667464,0.12604654361398404,0.12604654359129353,0.12604654357726996
E1,1420,0.11405162909862412,0.11405162908999558,0.11405162907603432,0.11405162906207301,0.11405162905344447
E1,1440,0.1031981815898532,0.10319818158454412,0.10319818157595388,0.10319818156736364,0.10319818156205454
E1,1460,0.09337757617174434,0.09337757616847774,0.09337757616319224,0.09337757615790676,0.09337757615464014
E1,1480,0.0844915249232211,0.08449152492121116,0.08449152491795905,0.08449152491470693,0.08449152491269701
E1,1500,0.07645109325592472,0.076451093254688,0.07645109325268701,0.07645109325068601,0.07645109324944932
E1,1520,0.06917580982677983,0.06917580982601888,0.0691758098247877,0.0691758098235565,0.06917580982279557
E1,1540,0.06259286115363322,0.06259286115316502,0.06259286115240748,0.06259286115164996,0.06259286115118173
E1,1560,0.05663636287338189,0.056636362873093815,0.056636362872627716,0.056636362872161616,0.05663636287187353
E1,1580,0.05124670034908019,0.051246700348902934,0.051246700348616156,0.05124670034832936,0.05124670034815212
E1,1600,0.046369932026589865,0.046369932026480806,0.046369932026304364,0.04636993202612789,0.04636993202601883
E1,1620,0.04195724956935985,0.04195724956929277,0.041957249569184195,0.041957249569075615,0.0419572495690085
E1,1640,0.037964489368179095,0.03796448936813781,0.03796448936807101,0.0379644893680042,0.03796448936796291
E1,1660,0.034351690536925515,0.03435169053690011,0.03435169053685903,0.03435169053681792,0.0343516905367925
E1,1680,0.031082694970582744,0.03108269497056711,0.03108269497054183,0.031082694970516533,0.031082694970500892
E1,1700,0.028124785462769555,0.028124785462759934,0.028124785462744373,0.028124785462728816,0.028124785462719196
E1,1720,0.025448358260940402,0.025448358260934483,0.025448358260924918,0.025448358260915346,0.025448358260909427
E1,1740,0.023026626782078913,0.02302662678207527,0.023026626782069383,0.023026626782063502,0.02302662678205986
E1,1760,0.020835353523571205,0.02083535352356896,0.020835353523565338,0.02083535352356172,0.020835353523559478
E1,1780,0.018852607486132905,0.018852607486131528,0.0188526074861293,0.018852607486127073,0.018852607486125692
E1,1800,0.017058544680996865,0.01705854468099602,0.017058544680994644,0.017058544680993274,0.017058544680992428
E1,1820,0.01543520952460361,0.015435209524603092,0.015435209524602252,0.01543520952460141,0.015435209524600884
E1,1840,0.013966355133085988,0.01396635513308567,0.013966355133085152,0.013966355133084633,0.013966355133084314
E1,1860,0.012637280717994557,0.01263728071799436,0.012637280717994043,0.012637280717993723,0.012637280717993523
E1,1880,0.011434684455865665,0.011434684455865545,0.011434684455865344,0.011434684455865148,0.011434684455865029
E1,1900,0.01034653035910132,0.010346530359101243,0.010346530359101122,0.010346530359100999,0.010346530359100924
E1,1920,0.009361927815759855,0.009361927815759804,0.009361927815759731,0.00936192781575965,0.009361927815759601
E1,1940,0.008471022592651145,0.008471022592651114,0.008471022592651065,0.008471022592651017,0.008471022592650984
E1,1960,0.007664898210858716,0.0076648982108587,0.007664898210858673,0.007664898210858645,0.007664898210858627
E1,1980,0.0069354867066218325,0.006935486706621825,0.006935486706621809,0.006935486706621792,0.006935486706621783
E2_n0,0,0.9950124791926823,0.0,0.0,0.0,0.0
E2_n0,20,13.968314658883836,4.504611221661946,1.1403403088360204,0.2299102514875668,0.04212283460226472
E2_n0,40,21.456137688596428,9.77324707490109,3.8826394551324874,1.3604748931887307,0.5054384943567204
E2_n0,60,26.80474590043121,14.134881796210793,6.8279444705081955,3.0935191300982163,1.5829050435035652
E2_n0,80,30.94208704539605,17.7347757315698,9.594806422436545,5.071555078302245,3.0950407156340805
E2_n0,100,34.28774395671407,20.764227149623412,12.120400208748167,7.102845771720598,4.825585821440594
E2_n0,120,37.077337692532446,23.362359294121813,14.410413778192158,9.08680549515226,6.621424760956093
E2_n0,140,39.45676450367747,25.62464899816053,16.483532759532224,10.971199934277804,8.389404028258017
E2_n0,160,41.52105766442394,27.617012925158598,18.35959075237873,12.731048410862696,10.077479278519135
E2_n0,180,43.334402135488254,29.38613115417363,20.057166275254364,14.35710206313318,11.65934040134294
E2_n0,200,44.94166303215872,30.96618678820407,21.593206512263357,15.849131405599298,13.12417176633239
E2_n0,220,46.375351008866744,32.38313707622848,22.98307543825359,17.2119199425236,14.47022418886878
E2_n0,240,47.65991784642226,33.65740568524158,24.240681333560854,18.45286333437971,15.700869692381723
E2_n0,260,48.814435527299324,34.805587030645796,25.378610309563758,19.580539986416525,16.82221008246143
E2_n0,280,49.85428311718373,35.84153594745231,26.408251048762445,20.60387255782577,17.841643996679267
E2_n0,300,49.797208285152884,36.77707478082835,27.339908521616884,21.531648672280326,18.767021300781014
E2_n0,320,37.67076877995533,33.117850266735125,27.04256675606979,22.14234880026038,19.56403287946335
E2_n0,340,30.948099939215563,28.61346045401959,25.06304423531945,21.77309136922694,19.861116282087732
E2_n0,360,26.291143452239304,24.942918682382377,22.807928052390466,20.729331847559827,19.47237567303186
E2_n0,380,22.779211092354377,21.9680897229822,20.665574781581135,19.375248285639632,18.58384857807158
E2_n0,400,19.99918682912088,19.50405941048898,18.705059817836595,17.908694131796047,17.41782846931731
E2_n0,420,17.721238319744238,17.41744233230281,16.926350711191496,16.43582826765015,16.132953228958428
E2_n0,440,15.8046685872199,15.617929620578689,15.315879139800764,15.013951656108732,14.827411702934613
E2_n0,460,14.1591251215188,14.044266112273453,13.858441834833855,13.672644136590218,13.557828133387352
E2_n0,480,12.724643689710296,12.653980603236961,12.539649974315628,12.425325089056026,12.354671296022582
E2_n0,500,11.460169263942138,11.416692784942091,11.346347368348331,11.276003192937715,11.232528722214182
E2_n0,520,10.336633171077525,10.30988290241206,10.26660027549362,10.223317916790071,10.196568082105413
E2_n0,540,9.332694662211505,9.316235559568005,9.289604218957285,9.262972936306769,9.246513927444845
E2_n0,560,8.432094639996771,8.42196752732357,8.405581524943353,8.389195535088106,8.379068442680742
E2_n0,580,7.621997954690748,7.615766841348502,7.6056846903626765,7.59560254208345,7.58937143312057
E2_n0,600,6.89194549600288,6.8881115513150375,6.881908098972301,6.875704647214451,6.871870703472971
E2_n0,620,6.233183871615024,6.230824881618154,6.22700795572635,6.223191029960936,6.220832040168573
E2_n0,640,5.638229783832542,5.636778319466852,5.634429800811801,5.632081282184062,5.630629817862566
E2_n0,660,5.10058100696147,5.099687934567734,5.098242913085027,5.096797891608224,5.095904819224037
E2_n0,680,4.614519561215558,4.613970062154873,4.613080953998929,4.612191845844258,4.611642346785636
E2_n0,700,4.174973421126623,4.174635319511914,4.174088259607887,4.173541199704134,4.173203098089873
E2_n0,720,3.777415875053254,3.777207844302815,3.7768712434779497,3.7765346426531448,3.7763266119028045
E2_n0,740,3.4177895308998956,3.417661531531491,3.4174544242028833,3.417247316874288,3.4171193175059043
E2_n0,760,3.0924468254570785,3.092368068646947,3.0922406374513103,3.0921132062556773,3.09203444944555
E2_n0,780,2.7981018998822376,2.7980534415560783,2.797975034337314,2.797896627118553,2.7978481687923957
E2_n0,800,2.5317905649780386,2.5317607490247234,2.531712505798851,2.53166426257298,2.5316344466196656
E2_n0,820,2.29083623603677,2.2908178905605094,2.290788206956382,2.2907585233522556,2.2907401778759966
E2_n0,840,2.072820438292059,2.072809150492685,2.072790886449639,2.072772622406593,2.0727613346072187
E2_n0,860,1.8755569367948635,1.8755499915178417,1.8755387538235597,1.8755275161292768,1.8755205708522547
E2_n0,880,1.697068831247691,1.6970645578839199,1.6970576434360913,1.697050728988262,1.69704645562449
E2_n0,900,1.535568140100386,1.5355655107397614,1.5355612563449028,1.535557001950044,1.5355543725894194
E2_n0,920,1.3894375179373228,1.389435900116406,1.3894332824271762,1.3894306647379462,1.3894290469170296
E2_n0,940,1.257213829874278,1.2572128344442512,1.2572112238046342,1.2572096131650177,1.257208617734991
E2_n0,960,1.1375733611634091,1.1375727486846552,1.1375717576732143,1.1375707666617738,1.1375701541830205
E2_n0,980,1.029318478656128,1.0293181018036992,1.0293174920436596,1.0293168822836205,1.0293165054311915
E2_n0,1000,0.9313655888934274,0.9313653570196643,0.9313649818400346,0.931364606660405,0.9313643747866421
E2_n0,1020,0.8427342589315011,0.8427341162617507,0.8427338854172454,0.8427336545727402,0.8427335119029897
E2_n0,1040,0.7625373827921686,0.7625372950088104,0.7625371529723526,0.7625370109358949,0.7625369231525366
E2_n0,1060,0.6899722900579713,0.6899722360456946,0.689972148651995,0.6899720612582956,0.6899720072460189
E2_n0,1080,0.6243127045087647,0.6243126712755176,0.6243126175029946,0.6243125637304716,0.6243125304972246
E2_n0,1100,0.5649014704025151,0.5649014499544102,0.5649014168686812,0.5649013837829525,0.5649013633348475
E2_n0,1120,0.5111439724231785,0.5111439598416513,0.5111439394843127,0.5111439191269744,0.5111439065454475
E2_n0,1140,0.46250218271468946,0.46250217497339385,0.46250216244771436,0.46250214992203514,0.46250214218073965
E2_n0,1160,0.41848927497531746,0.41848927021217086,0.4184892625052379,0.41848925479830495,0.41848925003515847
E2_n0,1180,0.3786647514337354,0.37866474850301596,0.37866474376101245,0.3786647390190089,0.3786647360882895
E2_n0,1200,0.34263003376691714,0.34263003196367303,0.34263002904596285,0.34263002612825255,0.3426300243250084
E2_n0,1220,0.31002447372829384,0.3100244726187747,0.3100244708235349,0.3100244690282951,0.3100244679187759
E2_n0,1240,0.28052174349520287,0.2805217428125262,0.280521741707932,0.28052174060333784,0.2805217399206612
E2_n0,1260,0.25382656956964655,0.253826569149602,0.2538265684699556,0.2538265677903092,0.25382656737026466
E2_n0,1280,0.22967177751991188,0.22967177726146237,0.22967177684328238,0.22967177642510234,0.22967177616665282
E2_n0,1300,0.20781561797093048,0.207815617811909,0.20781561755460679,0.20781561729730452,0.20781561713828295
E2_n0,1320,0.18803934707181896,0.18803934697397454,0.18803934681565887,0.1880393466573432,0.18803934655949872
E2_n0,1340,0.170145037219462,0.17014503715925924,0.1701450370618491,0.17014503696443892,0.17014503690423613
E2_n0,1360,0.15395359612365392,0.15395359608661177,0.15395359602667627,0.15395359596674063,0.1539535959296984
E2_n0,1380,0.1393029743857984,0.13930297436300665,0.13930297432612893,0.13930297428925115,0.13930297426645932
E2_n0,1400,0.1260465436506981,0.12604654363667464,0.12604654361398404,0.12604654359129353,0.12604654357726996
E2_n0,1420,0.11405162909862412,0.11405162908999558,0.11405162907603432,0.11405162906207301,0.11405162905344447
E2_n0,1440,0.1031981815898532,0.10319818158454412,0.10319818157595388,0.10319818156736364,0.10319818156205454
E2_n0,1460,0.09337757617174434,0.09337757616847774,0.09337757616319224,0.09337757615790676,0.09337757615464014
E2_n0,1480,0.0844915249232211,0.08449152492121116,0.08449152491795905,0.08449152491470693,0.08449152491269701
E2_n0,1500,0.07645109325592472,0.076451093254688,0.07645109325268701,0.07645109325068601,0.07645109324944932
E2_n0,1520,0.06917580982677983,0.06917580982601888,0.0691758098247877,0.0691758098235565,0.06917580982279557
E2_n0,1540,0.06259286115363322,0.06259286115316502,0.06259286115240748,0.06259286115164996,0.06259286115118173
E2_n0,1560,0.05663636287338189,0.056636362873093815,0.056636362872627716,0.056636362872161616,0.05663636287187353
E2_n0,1580,0.05124670034908019,0.051246700348902934,0.051246700348616156,0.05124670034832936,0.05124670034815212
E2_n0,1600,0.046369932026589865,0.046369932026480806,0.046369932026304364,0.04636993202612789,0.04636993202601883
E2_n0,1620,0.04195724956935985,0.04195724956929277,0.041957249569184195,0.041957249569075615,0.0419572495690085
E2_n0,1640,0.037964489368179095,0.03796448936813781,0.03796448936807101,0.0379644893680042,0.03796448936796291
E2_n0,1660,0.034351690536925515,0.03435169053690011,0.03435169053685903,0.03435169053681792,0.0343516905367925
E2_n0,1680,0.031082694970582744,0.03108269497056711,0.03108269497054183,0.031082694970516533,0.031082694970500892
E2_n0,1700,0.028124785462769555,0.028124785462759934,0.028124785462744373,0.028124785462728816,0.028124785462719196
E2_n0,1720,0.025448358260940402,0.025448358260934483,0.025448358260924918,0.025448358260915346,0.025448358260909427
E2_n0,1740,0.023026626782078913,0.02302662678207527,0.023026626782069383,0.023026626782063502,0.02302662678205986
E2_n0,1760,0.020835353523571205,0.02083535352356896,0.020835353523565338,0.02083535352356172,0.020835353523559478
E2_n0,1780,0.018852607486132905,0.018852607486131528,0.0188526074861293,0.018852607486127073,0.018852607486125692
E2_n0,1800,0.017058544680996865,0.01705854468099602,0.017058544680994644,0.017058544680993274,0.017058544680992428
E2_n0,1820,0.01543520952460361,0.015435209524603092,0.015435209524602252,0.01543520952460141,0.015435209524600884
E2_n0,1840,0.013966355133085988,0.01396635513308567,0.013966355133085152,0.013966355133084633,0.013966355133084314
E2_n0,1860,0.012637280717994557,0.01263728071799436,0.012637280717994043,0.012637280717993723,0.012637280717993523
E2_n0,1880,0.011434684455865665,0.011434684455865545,0.011434684455865344,0.011434684455865148,0.011434684455865029
E2_n0,1900,0.01034653035910132,0.010346530359101243,0.010346530359101122,0.010346530359100999,0.010346530359100924
E2_n0,1920,0.009361927815759855,0.009361927815759804,0.009361927815759731,0.00936192781575965,0.009361927815759601
E2_n0,1940,0.008471022592651145,0.008471022592651114,0.008471022592651065,0.008471022592651017,0.008471022592650984
E2_n0,1960,0.007664898210858716,0.0076648982108587,0.007664898210858673,0.007664898210858645,0.007664898210858627
E2_n0,1980,0.0069354867066218325,0.006935486706621825,0.006935486706621809,0.006935486706621792,0.006935486706621783
E2_n2,0,0.0,0.0,0.9950124791926823,0.0,0.0
E2_n2,20,1.1403403088360204,3.5941811643134924,10.416256329172606,3.5941811643134924,1.1403403088360204
E2_n2,40,3.882639455132488,7.2510825129573355,14.710493669995811,7.2510825129573355,3.882639455132488
E2_n2,60,6.827944470508195,10.400456455800816,17.98719448813395,10.400456455800816,6.827944470508195
E2_n2,80,9.594806422436545,13.2115243874355,20.825603373594625,13.2115243874355,9.594806422436545
E2_n2,100,12.120400208748167,15.746672712595847,23.366657065558822,15.746672712595847,12.120400208748167
E2_n2,120,14.410413778192158,18.03875101108192,25.660011442406624,18.03875101108192,14.410413778192158
E2_n2,140,16.483532759532224,20.112316172906112,27.733852359029367,20.112316172906112,16.483532759532224
E2_n2,160,18.359590752378733,21.98847058364257,29.61006635930051,21.98847058364257,18.359590752378733
E2_n2,180,20.057166275254367,23.68606694205244,31.30767559477875,23.68606694205244,20.057166275254367
E2_n2,200,21.593206512263357,25.222111681540007,32.84372311695112,25.222111681540007,21.593206512263357
E2_n2,220,22.983075438253586,26.6119815804985,34.23359361723705,26.6119815804985,22.983075438253586
E2_n2,240,24.240681333560858,27.869587686060445,35.49119985274354,27.869587686060445,24.240681333560858
E2_n2,260,25.378610309563765,29.007516707498578,36.62912890226218,29.007516707498578,25.378610309563765
E2_n2,280,26.408251048762445,30.03715745651564,37.65876965734734,30.03715745651564,26.408251048762445
E2_n2,300,27.339908521616884,30.968814931491785,37.595414654442095,30.968814931491785,27.339908521616884
E2_n2,320,27.042566756069785,28.21763231092572,29.01716934849296,28.21763231092572,27.042566756069785
E2_n2,340,25.063044235319456,25.323507587927093,25.485708633376202,25.323507587927093,25.063044235319456
E2_n2,360,22.80792805239047,22.864322477551745,22.899196647719425,22.864322477551745,22.80792805239047
E2_n2,380,20.665574781581146,20.67776322704071,20.685296443385276,20.67776322704071,20.665574781581146
E2_n2,400,18.705059817836602,18.70769372444844,18.70932157398976,18.70769372444844,18.705059817836602
E2_n2,420,16.926350711191507,16.92691988876148,16.92727165994121,16.92691988876148,16.926350711191507
E2_n2,440,15.315879139800769,15.316002136886661,15.316078153267863,15.316002136886661,15.315879139800769
E2_n2,460,13.85844183483386,13.85846841402982,13.85848484087634,13.85846841402982,13.85844183483386
E2_n2,480,12.539649974315633,12.53965571797736,12.539659267755525,12.53965571797736,12.539649974315633
E2_n2,500,11.346347368348335,11.346348609531477,11.346349376624847,11.346348609531477,11.346347368348335
E2_n2,520,10.266600275493623,10.266600543708511,10.266600709474428,10.266600543708511,10.266600275493623
E2_n2,540,9.289604218957287,9.289604276917487,9.289604312738861,9.289604276917487,9.289604218957287
E2_n2,560,8.405581524943354,8.405581537468327,8.405581545209186,8.405581537468327,8.405581524943354
E2_n2,580,7.60568469036268,7.605684693069277,7.605684694742046,7.605684693069277,7.60568469036268
E2_n2,600,6.881908098972304,6.8819080995571875,6.881908099918665,6.8819080995571875,6.881908098972304
E2_n2,620,6.227007955726352,6.227007955852743,6.227007955930858,6.227007955852743,6.227007955726352
E2_n2,640,5.634429800811803,5.634429800839117,5.6344298008559965,5.634429800839117,5.634429800811803
E2_n2,660,5.098242913085029,5.0982429130909335,5.098242913094581,5.0982429130909335,5.098242913085029
E2_n2,680,4.61308095399893,4.613080954000204,4.613080954000993,4.613080954000204,4.61308095399893
E2_n2,700,4.17408825960789,4.174088259608165,4.174088259608337,4.174088259608165,4.17408825960789
E2_n2,720,3.7768712434779523,3.776871243478013,3.77687124347805,3.776871243478013,3.7768712434779523
E2_n2,740,3.417454424202885,3.4174544242028975,3.4174544242029055,3.4174544242028975,3.417454424202885
E2_n2,760,3.0922406374513125,3.0922406374513165,3.0922406374513183,3.0922406374513165,3.0922406374513125
E2_n2,780,2.7979750343373153,2.7979750343373193,2.797975034337321,2.7979750343373193,2.7979750343373153
E2_n2,800,2.531712505798852,2.5317125057988554,2.5317125057988568,2.5317125057988554,2.531712505798852
E2_n2,820,2.2907882069563827,2.2907882069563863,2.290788206956387,2.2907882069563863,2.2907882069563827
E2_n2,840,2.07279088644964,2.072790886449643,2.072790886449644,2.072790886449643,2.07279088644964
E2_n2,860,1.875538753823561,1.875538753823563,1.875538753823564,1.875538753823563,1.875538753823561
E2_n2,880,1.6970576434360922,1.6970576434360942,1.697057643436095,1.6970576434360942,1.6970576434360922
E2_n2,900,1.5355612563449037,1.5355612563449055,1.5355612563449064,1.5355612563449055,1.5355612563449037
E2_n2,920,1.389433282427177,1.3894332824271787,1.3894332824271793,1.3894332824271787,1.389433282427177
E2_n2,940,1.257211223804635,1.2572112238046365,1.2572112238046371,1.2572112238046365,1.257211223804635
E2_n2,960,1.1375717576732147,1.137571757673216,1.1375717576732167,1.137571757673216,1.1375717576732147
E2_n2,980,1.02931749204366,1.0293174920436612,1.0293174920436619,1.0293174920436612,1.02931749204366
E2_n2,1000,0.931364981840035,0.931364981840036,0.9313649818400365,0.931364981840036,0.931364981840035
E2_n2,1020,0.8427338854172458,0.8427338854172467,0.8427338854172471,0.8427338854172467,0.8427338854172458
E2_n2,1040,0.762537152972353,0.7625371529723537,0.7625371529723541,0.7625371529723537,0.762537152972353
E2_n2,1060,0.6899721486519954,0.6899721486519961,0.6899721486519965,0.6899721486519961,0.6899721486519954
E2_n2,1080,0.6243126175029949,0.6243126175029956,0.624312617502996,0.6243126175029956,0.6243126175029949
E2_n2,1100,0.5649014168686816,0.564901416868682,0.5649014168686824,0.564901416868682,0.5649014168686816
E2_n2,1120,0.5111439394843129,0.5111439394843134,0.5111439394843138,0.5111439394843134,0.5111439394843129
E2_n2,1140,0.4625021624477146,0.46250216244771497,0.4625021624477152,0.46250216244771497,0.4625021624477146
E2_n2,1160,0.4184892625052381,0.4184892625052385,0.41848926250523866,0.4184892625052385,0.4184892625052381
E2_n2,1180,0.37866474376101267,0.378664743761013,0.37866474376101317,0.378664743761013,0.37866474376101267
E2_n2,1200,0.34263002904596307,0.3426300290459634,0.34263002904596357,0.3426300290459634,0.34263002904596307
E2_n2,1220,0.3100244708235351,0.3100244708235354,0.31002447082353546,0.3100244708235354,0.3100244708235351
E2_n2,1240,0.28052174170793215,0.2805217417079324,0.2805217417079325,0.2805217417079324,0.28052174170793215
E2_n2,1260,0.2538265684699557,0.25382656846995594,0.253826568469956,0.25382656846995594,0.2538265684699557
E2_n2,1280,0.22967177684328247,0.22967177684328266,0.22967177684328272,0.22967177684328266,0.22967177684328247
E2_n2,1300,0.20781561755460687,0.207815617554607,0.20781561755460706,0.207815617554607,0.20781561755460687
E2_n2,1320,0.18803934681565895,0.18803934681565906,0.18803934681565912,0.18803934681565906,0.18803934681565895
E2_n2,1340,0.1701450370618492,0.1701450370618493,0.17014503706184936,0.1701450370618493,0.1701450370618492
E2_n2,1360,0.15395359602667635,0.15395359602667646,0.1539535960266765,0.15395359602667646,0.15395359602667635
E2_n2,1380,0.139302974326129,0.1393029743261291,0.13930297432612912,0.1393029743261291,0.139302974326129
E2_n2,1400,0.12604654361398412,0.1260465436139842,0.12604654361398424,0.1260465436139842,0.12604654361398412
E2_n2,1420,0.1140516290760344,0.11405162907603449,0.1140516290760345,0.11405162907603449,0.1140516290760344
E2_n2,1440,0.10319818157595397,0.10319818157595405,0.10319818157595406,0.10319818157595405,0.10319818157595397
E2_n2,1460,0.09337757616319231,0.09337757616319238,0.0933775761631924,0.09337757616319238,0.09337757616319231
E2_n2,1480,0.08449152491795912,0.08449152491795918,0.0844915249179592,0.08449152491795918,0.08449152491795912
E2_n2,1500,0.07645109325268708,0.07645109325268713,0.07645109325268715,0.07645109325268713,0.07645109325268708
E2_n2,1520,0.06917580982478777,0.06917580982478783,0.06917580982478784,0.06917580982478783,0.06917580982478777
E2_n2,1540,0.06259286115240753,0.06259286115240757,0.06259286115240759,0.06259286115240757,0.06259286115240753
E2_n2,1560,0.05663636287262776,0.056636362872627785,0.0566363628726278,0.056636362872627785,0.05663636287262776
E2_n2,1580,0.0512467003486162,0.051246700348616225,0.05124670034861624,0.051246700348616225,0.0512467003486162
E2_n2,1600,0.0463699320263044,0.046369932026304427,0.04636993202630444,0.046369932026304427,0.0463699320263044
E2_n2,1620,0.04195724956918422,0.04195724956918425,0.041957249569184264,0.04195724956918425,0.04195724956918422
E2_n2,1640,0.037964489368071036,0.037964489368071064,0.03796448936807108,0.037964489368071064,0.037964489368071036
E2_n2,1660,0.03435169053685905,0.034351690536859075,0.03435169053685909,0.034351690536859075,0.03435169053685905
E2_n2,1680,0.03108269497054185,0.031082694970541877,0.03108269497054189,0.031082694970541877,0.03108269497054185
E2_n2,1700,0.028124785462744394,0.028124785462744422,0.028124785462744436,0.028124785462744422,0.028124785462744394
E2_n2,1720,0.025448358260924935,0.02544835826092495,0.025448358260924963,0.02544835826092495,0.025448358260924935
E2_n2,1740,0.0230266267820694,0.023026626782069414,0.023026626782069428,0.023026626782069414,0.0230266267820694
E2_n2,1760,0.020835353523565355,0.02083535352356537,0.02083535352356538,0.02083535352356537,0.020835353523565355
E2_n2,1780,0.018852607486129318,0.018852607486129328,0.01885260748612934,0.018852607486129328,0.018852607486129318
E2_n2,1800,0.01705854468099466,0.01705854468099467,0.017058544680994676,0.01705854468099467,0.01705854468099466
E2_n2,1820,0.015435209524602261,0.015435209524602271,0.015435209524602275,0.015435209524602271,0.015435209524602261
E2_n2,1840,0.01396635513308516,0.01396635513308517,0.013966355133085173,0.01396635513308517,0.01396635513308516
E2_n2,1860,0.012637280717994052,0.01263728071799406,0.012637280717994064,0.01263728071799406,0.012637280717994052
E2_n2,1880,0.011434684455865353,0.011434684455865362,0.011434684455865365,0.011434684455865362,0.011434684455865353
E2_n2,1900,0.010346530359101129,0.010346530359101137,0.01034653035910114,0.010346530359101137,0.010346530359101129
E2_n2,1920,0.009361927815759738,0.009361927815759745,0.009361927815759749,0.009361927815759745,0.009361927815759738
E2_n2,1940,0.008471022592651069,0.008471022592651074,0.008471022592651077,0.008471022592651074,0.008471022592651069
E2_n2,1960,0.007664898210858677,0.00766489821085868,0.007664898210858682,0.00766489821085868,0.007664898210858677
E2_n2,1980,0.0069354867066218125,0.006935486706621815,0.006935486706621817,0.006935486706621815,0.0069354867066218125
E2_n4,0,0.0,0.0,0.0,0.0,0.9950124791926823
E2_n4,20,0.04212283460226472,0.2299102514875668,1.1403403088360204,4.504611221661946,13.968314658883836
E2_n4,40,0.5054384943567204,1.3604748931887307,3.8826394551324874,9.77324707490109,21.456137688596428
E2_n4,60,1.5829050435035652,3.0935191300982163,6.8279444705081955,14.134881796210793,26.80474590043121
E2_n4,80,3.0950407156340805,5.071555078302245,9.594806422436545,17.7347757315698,30.94208704539605
E2_n4,100,4.825585821440594,7.102845771720598,12.120400208748167,20.764227149623412,34.28774395671407
E2_n4,120,6.621424760956093,9.08680549515226,14.410413778192158,23.362359294121813,37.077337692532446
E2_n4,140,8.389404028258017,10.971199934277804,16.483532759532224,25.62464899816053,39.45676450367747
E2_n4,160,10.077479278519135,12.731048410862696,18.35959075237873,27.617012925158598,41.52105766442394
E2_n4,180,11.65934040134294,14.35710206313318,20.057166275254364,29.38613115417363,43.334402135488254
E2_n4,200,13.12417176633239,15.849131405599298,21.593206512263357,30.96618678820407,44.94166303215872
E2_n4,220,14.47022418886878,17.2119199425236,22.98307543825359,32.38313707622848,46.375351008866744
E2_n4,240,15.700869692381723,18.45286333437971,24.240681333560854,33.65740568524158,47.65991784642226
E2_n4,260,16.82221008246143,19.580539986416525,25.378610309563758,34.805587030645796,48.814435527299324
E2_n4,280,17.841643996679267,20.60387255782577,26.408251048762445,35.84153594745231,49.85428311718373
E2_n4,300,18.767021300781014,21.531648672280326,27.339908521616884,36.77707478082835,49.797208285152884
E2_n4,320,19.56403287946335,22.14234880026038,27.04256675606979,33.117850266735125,37.67076877995533
E2_n4,340,19.861116282087732,21.77309136922694,25.06304423531945,28.61346045401959,30.948099939215563
E2_n4,360,19.47237567303186,20.729331847559827,22.807928052390466,24.942918682382377,26.291143452239304
E2_n4,380,18.58384857807158,19.375248285639632,20.665574781581135,21.9680897229822,22.779211092354377
E2_n4,400,17.41782846931731,17.908694131796047,18.705059817836595,19.50405941048898,19.99918682912088
E2_n4,420,16.132953228958428,16.43582826765015,16.926350711191496,17.41744233230281,17.721238319744238
E2_n4,440,14.827411702934613,15.013951656108732,15.315879139800764,15.617929620578689,15.8046685872199
E2_n4,460,13.557828133387352,13.672644136590218,13.858441834833855,14.044266112273453,14.1591251215188
E2_n4,480,12.354671296022582,12.425325089056026,12.539649974315628,12.653980603236961,12.724643689710296
E2_n4,500,11.232528722214182,11.276003192937715,11.346347368348331,11.416692784942091,11.460169263942138
E2_n4,520,10.196568082105413,10.223317916790071,10.26660027549362,10.30988290241206,10.336633171077525
E2_n4,540,9.246513927444845,9.262972936306769,9.289604218957285,9.316235559568005,9.332694662211505
E2_n4,560,8.379068442680742,8.389195535088106,8.405581524943353,8.42196752732357,8.432094639996771
E2_n4,580,7.58937143312057,7.59560254208345,7.6056846903626765,7.615766841348502,7.621997954690748
E2_n4,600,6.871870703472971,6.875704647214451,6.881908098972301,6.8881115513150375,6.89194549600288
E2_n4,620,6.220832040168573,6.223191029960936,6.22700795572635,6.230824881618154,6.233183871615024
E2_n4,640,5.630629817862566,5.632081282184062,5.634429800811801,5.636778319466852,5.638229783832542
E2_n4,660,5.095904819224037,5.096797891608224,5.098242913085027,5.099687934567734,5.10058100696147
E2_n4,680,4.611642346785636,4.612191845844258,4.613080953998929,4.613970062154873,4.614519561215558
E2_n4,700,4.173203098089873,4.173541199704134,4.174088259607887,4.174635319511914,4.174973421126623
E2_n4,720,3.7763266119028045,3.7765346426531448,3.7768712434779497,3.777207844302815,3.777415875053254
E2_n4,740,3.4171193175059043,3.417247316874288,3.4174544242028833,3.417661531531491,3.4177895308998956
E2_n4,760,3.09203444944555,3.0921132062556773,3.0922406374513103,3.092368068646947,3.0924468254570785
E2_n4,780,2.7978481687923957,2.797896627118553,2.797975034337314,2.7980534415560783,2.7981018998822376
E2_n4,800,2.5316344466196656,2.53166426257298,2.531712505798851,2.5317607490247234,2.5317905649780386
E2_n4,820,2.2907401778759966,2.2907585233522556,2.290788206956382,2.2908178905605094,2.29083623603677
E2_n4,840,2.0727613346072187,2.072772622406593,2.072790886449639,2.072809150492685,2.072820438292059
E2_n4,860,1.8755205708522547,1.8755275161292768,1.8755387538235597,1.8755499915178417,1.8755569367948635
E2_n4,880,1.69704645562449,1.697050728988262,1.6970576434360913,1.6970645578839199,1.697068831247691
E2_n4,900,1.5355543725894194,1.535557001950044,1.5355612563449028,1.5355655107397614,1.535568140100386
E2_n4,920,1.3894290469170296,1.3894306647379462,1.3894332824271762,1.389435900116406,1.3894375179373228
E2_n4,940,1.257208617734991,1.2572096131650177,1.2572112238046342,1.2572128344442512,1.257213829874278
E2_n4,960,1.1375701541830205,1.1375707666617738,1.1375717576732143,1.1375727486846552,1.1375733611634091
E2_n4,980,1.0293165054311915,1.0293168822836205,1.0293174920436596,1.0293181018036992,1.029318478656128
E2_n4,1000,0.9313643747866421,0.931364606660405,0.9313649818400346,0.9313653570196643,0.9313655888934274
E2_n4,1020,0.8427335119029897,0.8427336545727402,0.8427338854172454,0.8427341162617507,0.8427342589315011
E2_n4,1040,0.7625369231525366,0.7625370109358949,0.7625371529723526,0.7625372950088104,0.7625373827921686
E2_n4,1060,0.6899720072460189,0.6899720612582956,0.689972148651995,0.6899722360456946,0.6899722900579713
E2_n4,1080,0.6243125304972246,0.6243125637304716,0.6243126175029946,0.6243126712755176,0.6243127045087647
E2_n4,1100,0.5649013633348475,0.5649013837829525,0.5649014168686812,0.5649014499544102,0.5649014704025151
E2_n4,1120,0.5111439065454475,0.5111439191269744,0.5111439394843127,0.5111439598416513,0.5111439724231785
E2_n4,1140,0.46250214218073965,0.46250214992203514,0.46250216244771436,0.46250217497339385,0.46250218271468946
E2_n4,1160,0.41848925003515847,0.41848925479830495,0.4184892625052379,0.41848927021217086,0.41848927497531746
E2_n4,1180,0.3786647360882895,0.3786647390190089,0.37866474376101245,0.37866474850301596,0.3786647514337354
E2_n4,1200,0.3426300243250084,0.34263002612825255,0.34263002904596285,0.34263003196367303,0.34263003376691714
E2_n4,1220,0.3100244679187759,0.3100244690282951,0.3100244708235349,0.3100244726187747,0.31002447372829384
E2_n4,1240,0.2805217399206612,0.28052174060333784,0.280521741707932,0.2805217428125262,0.28052174349520287
E2_n4,1260,0.25382656737026466,0.2538265677903092,0.2538265684699556,0.253826569149602,0.25382656956964655
E2_n4,1280,0.22967177616665282,0.22967177642510234,0.22967177684328238,0.22967177726146237,0.22967177751991188
E2_n4,1300,0.20781561713828295,0.20781561729730452,0.20781561755460679,0.207815617811909,0.20781561797093048
E2_n4,1320,0.18803934655949872,0.1880393466573432,0.18803934681565887,0.18803934697397454,0.18803934707181896
E2_n4,1340,0.17014503690423613,0.17014503696443892,0.1701450370618491,0.17014503715925924,0.170145037219462
E2_n4,1360,0.1539535959296984,0.15395359596674063,0.15395359602667627,0.15395359608661177,0.15395359612365392
E2_n4,1380,0.13930297426645932,0.13930297428925115,0.13930297432612893,0.13930297436300665,0.1393029743857984
E2_n4,1400,0.12604654357726996,0.12604654359129353,0.12604654361398404,0.12604654363667464,0.1260465436506981
E2_n4,1420,0.11405162905344447,0.11405162906207301,0.11405162907603432,0.11405162908999558,0.11405162909862412
E2_n4,1440,0.10319818156205454,0.10319818156736364,0.10319818157595388,0.10319818158454412,0.1031981815898532
E2_n4,1460,0.09337757615464014,0.09337757615790676,0.09337757616319224,0.09337757616847774,0.09337757617174434
E2_n4,1480,0.08449152491269701,0.08449152491470693,0.08449152491795905,0.08449152492121116,0.0844915249232211
E2_n4,1500,0.07645109324944932,0.07645109325068601,0.07645109325268701,0.076451093254688,0.07645109325592472
E2_n4,1520,0.06917580982279557,0.0691758098235565,0.0691758098247877,0.06917580982601888,0.06917580982677983
E2_n4,1540,0.06259286115118173,0.06259286115164996,0.06259286115240748,0.06259286115316502,0.06259286115363322
E2_n4,1560,0.05663636287187353,0.056636362872161616,0.056636362872627716,0.056636362873093815,0.05663636287338189
E2_n4,1580,0.05124670034815212,0.05124670034832936,0.051246700348616156,0.051246700348902934,0.05124670034908019
E2_n4,1600,0.04636993202601883,0.04636993202612789,0.046369932026304364,0.046369932026480806,0.046369932026589865
E2_n4,1620,0.0419572495690085,0.041957249569075615,0.041957249569184195,0.04195724956929277,0.04195724956935985
E2_n4,1640,0.03796448936796291,0.0379644893680042,0.03796448936807101,0.03796448936813781,0.037964489368179095
E2_n4,1660,0.0343516905367925,0.03435169053681792,0.03435169053685903,0.03435169053690011,0.034351690536925515
E2_n4,1680,0.031082694970500892,0.031082694970516533,0.03108269497054183,0.03108269497056711,0.031082694970582744
E2_n4,1700,0.028124785462719196,0.028124785462728816,0.028124785462744373,0.028124785462759934,0.028124785462769555
E2_n4,1720,0.025448358260909427,0.025448358260915346,0.025448358260924918,0.025448358260934483,0.025448358260940402
E2_n4,1740,0.02302662678205986,0.023026626782063502,0.023026626782069383,0.02302662678207527,0.023026626782078913
E2_n4,1760,0.020835353523559478,0.02083535352356172,0.020835353523565338,0.02083535352356896,0.020835353523571205
E2_n4,1780,0.018852607486125692,0.018852607486127073,0.0188526074861293,0.018852607486131528,0.018852607486132905
E2_n4,1800,0.017058544680992428,0.017058544680993274,0.017058544680994644,0.01705854468099602,0.017058544680996865
E2_n4,1820,0.015435209524600884,0.01543520952460141,0.015435209524602252,0.015435209524603092,0.01543520952460361
E2_n4,1840,0.013966355133084314,0.013966355133084633,0.013966355133085152,0.01396635513308567,0.013966355133085988
E2_n4,1860,0.012637280717993523,0.012637280717993723,0.012637280717994043,0.01263728071799436,0.012637280717994557
E2_n4,1880,0.011434684455865029,0.011434684455865148,0.011434684455865344,0.011434684455865545,0.011434684455865665
E2_n4,1900,0.010346530359100924,0.010346530359100999,0.010346530359101122,0.010346530359101243,0.01034653035910132
E2_n4,1920,0.009361927815759601,0.00936192781575965,0.009361927815759731,0.009361927815759804,0.009361927815759855
E2_n4,1940,0.008471022592650984,0.008471022592651017,0.008471022592651065,0.008471022592651114,0.008471022592651145
E2_n4,1960,0.007664898210858627,0.007664898210858645,0.007664898210858673,0.0076648982108587,0.007664898210858716
E2_n4,1980,0.006935486706621783,0.006935486706621792,0.006935486706621809,0.006935486706621825,0.0069354867066218325
E3_sync,0,0.9950124791926823,0.0,0.0,0.0,0.9950124791926823
E3_sync,20,14.010437493486094,4.7345214731495116,2.2806806176720404,4.7345214731495116,14.010437493486094
E3_sync,40,21.961576182953145,11.133721968089818,7.765278910264972,11.133721968089818,21.961576182953145
E3_sync,60,28.38765094393477,17.228400926309014,13.65588894101639,17.228400926309014,28.38765094393477
E3_sync,80,34.03712776103012,22.806330809872048,19.18961284487309,22.806330809872048,34.03712776103012
E3_sync,100,39.11332977815468,27.86707292134402,24.240800417496335,27.86707292134402,39.11332977815468
E3_sync,120,43.69876245348854,32.44916478927408,28.820827556384316,32.44916478927408,43.69876245348854
E3_sync,140,47.84616853193548,36.59584893243834,32.96706551906445,36.59584893243834,47.84616853193548
E3_sync,160,51.59853694294307,40.348061336021296,36.719181504757465,40.348061336021296,51.59853694294307
E3_sync,180,54.993742536831185,43.743233217306816,40.11433255050874,43.743233217306816,54.993742536831185
E3_sync,200,58.06583479849112,46.81531819380337,43.18641302452672,46.81531819380337,58.06583479849112
E3_sync,220,60.84557519773555,49.59505701875209,45.96615087650718,49.59505701875209,60.84557519773555
E3_sync,240,63.36078753880398,52.1102690196213,48.48136266712171,52.1102690196213,63.36078753880398
E3_sync,260,65.63664560976076,54.386127017062336,50.757220619127516,54.386127017062336,65.63664560976076
E3_sync,280,67.695927113863,56.44540850527809,52.81650209752489,56.44540850527809,67.695927113863
E3_sync,300,68.56422958593389,58.30872345310867,54.67981704323376,58.30872345310867,68.56422958593389
E3_sync,320,57.23480165941871,55.260199066995526,54.08513351213958,55.260199066995526,57.23480165941871
E3_sync,340,50.8092162213033,50.38655182324655,50.12608847063891,50.38655182324655,50.8092162213033
E3_sync,360,45.76351912527117,45.672250529942225,45.615856104780946,45.672250529942225,45.76351912527117
E3_sync,380,41.36305967042598,41.34333800862187,41.3311495631623,41.34333800862187,41.36305967042598
E3_sync,400,37.417015298438216,37.41275354228505,37.41011963567321,37.41275354228505,37.417015298438216
E3_sync,420,33.854191548702694,33.853270599952985,33.852701422383014,33.853270599952985,33.854191548702694
E3_sync,440,30.632080290154526,30.63188127668743,30.631758279601538,30.63188127668743,30.632080290154526
E3_sync,460,27.716953254906155,27.716910248863677,27.716883669667716,27.716910248863677,27.716953254906155
E3_sync,480,25.07931498573288,25.07930569229299,25.079299948631263,25.07930569229299,25.07931498573288
E3_sync,500,22.692697986156322,22.69269597787981,22.69269473669667,22.69269597787981,22.692697986156322
E3_sync,520,20.533201253182938,20.533200819202133,20.533200550987246,20.533200819202133,20.533201253182938
E3_sync,540,18.57920858965635,18.57920849587478,18.579208437914573,18.57920849587478,18.57920858965635
E3_sync,560,16.811163082677524,16.811163062411683,16.81116304988671,16.811163062411683,16.811163082677524
E3_sync,580,15.211369387811331,15.211369383431965,15.211369380725364,15.211369383431965,15.211369387811331
E3_sync,600,13.763816199475862,13.763816198529495,13.763816197944612,13.763816198529495,13.763816199475862
E3_sync,620,12.454015911783605,12.454015911579104,12.454015911452712,12.454015911579104,12.454015911783605
E3_sync,640,11.268859601695114,11.268859601650924,11.268859601623612,11.268859601650924,11.268859601695114
E3_sync,660,10.196485826185516,10.196485826175964,10.196485826170063,10.196485826175964,10.196485826185516
E3_sync,680,9.226161908001199,9.22616190799914,9.226161907997865,9.22616190799914,9.226161908001199
E3_sync,700,8.3481765192165,8.348176519216057,8.348176519215784,8.348176519216057,8.3481765192165
E3_sync,720,7.553742486956061,7.553742486955966,7.5537424869559056,7.553742486955966,7.553742486956061
E3_sync,740,6.834908848405803,6.8349088484057825,6.83490884840577,6.8349088484057825,6.834908848405803
E3_sync,760,6.184481274902631,6.184481274902623,6.18448127490262,6.184481274902623,6.184481274902631
E3_sync,780,5.595950068674637,5.59595006867463,5.595950068674627,5.59595006867463,5.595950068674637
E3_sync,800,5.06342501159771,5.063425011597703,5.063425011597701,5.063425011597703,5.06342501159771
E3_sync,820,4.581576413912772,4.581576413912765,4.581576413912764,4.581576413912765,4.581576413912772
E3_sync,840,4.145581772899285,4.145581772899279,4.145581772899278,4.145581772899279,4.145581772899285
E3_sync,860,3.7510775076471248,3.751077507647121,3.7510775076471194,3.751077507647121,3.7510775076471248
E3_sync,880,3.394115286872187,3.3941152868721836,3.3941152868721827,3.3941152868721836,3.394115286872187
E3_sync,900,3.07112251268981,3.0711225126898065,3.0711225126898056,3.0711225126898065,3.07112251268981
E3_sync,920,2.7788665648543565,2.7788665648543533,2.7788665648543525,2.7788665648543533,2.7788665648543565
E3_sync,940,2.5144224476092725,2.5144224476092694,2.5144224476092685,2.5144224476092694,2.5144224476092725
E3_sync,960,2.2751435153464317,2.2751435153464294,2.2751435153464286,2.2751435153464294,2.2751435153464317
E3_sync,980,2.058634984087322,2.05863498408732,2.0586349840873193,2.05863498408732,2.058634984087322
E3_sync,1000,1.8627299636800716,1.8627299636800698,1.8627299636800692,1.8627299636800698,1.8627299636800716
E3_sync,1020,1.685467770834493,1.6854677708344914,1.6854677708344907,1.6854677708344914,1.685467770834493
E3_sync,1040,1.5250743059447072,1.5250743059447058,1.5250743059447052,1.5250743059447058,1.5250743059447072
E3_sync,1060,1.379944297303992,1.3799442973039906,1.37994429730399,1.3799442973039906,1.379944297303992
E3_sync,1080,1.248625235005991,1.2486252350059899,1.2486252350059892,1.2486252350059899,1.248625235005991
E3_sync,1100,1.129802833737364,1.1298028337373631,1.1298028337373625,1.1298028337373631,1.129802833737364
E3_sync,1120,1.0222878789686267,1.0222878789686258,1.0222878789686254,1.0222878789686258,1.0222878789686267
E3_sync,1140,0.9250043248954299,0.9250043248954292,0.9250043248954287,0.9250043248954292,0.9250043248954299
E3_sync,1160,0.836978525010477,0.8369785250104762,0.8369785250104758,0.8369785250104762,0.836978525010477
E3_sync,1180,0.757329487522026,0.7573294875220253,0.7573294875220249,0.7573294875220253,0.757329487522026
E3_sync,1200,0.6852600580919268,0.6852600580919261,0.6852600580919257,0.6852600580919261,0.6852600580919268
E3_sync,1220,0.6200489416470708,0.6200489416470703,0.6200489416470698,0.6200489416470703,0.6200489416470708
E3_sync,1240,0.5610434834158649,0.5610434834158643,0.561043483415864,0.5610434834158643,0.5610434834158649
E3_sync,1260,0.5076531369399119,0.5076531369399114,0.5076531369399112,0.5076531369399114,0.5076531369399119
E3_sync,1280,0.4593435536865653,0.45934355368656493,0.45934355368656477,0.45934355368656493,0.4593435536865653
E3_sync,1300,0.415631235109214,0.41563123510921374,0.41563123510921357,0.41563123510921374,0.415631235109214
E3_sync,1320,0.37607869363131813,0.3760786936313179,0.37607869363131774,0.3760786936313179,0.37607869363131813
E3_sync,1340,0.3402900741236986,0.3402900741236984,0.3402900741236982,0.3402900741236984,0.3402900741236986
E3_sync,1360,0.30790719205335293,0.3079071920533527,0.30790719205335254,0.3079071920533527,0.30790719205335293
E3_sync,1380,0.2786059486522582,0.278605948652258,0.27860594865225785,0.278605948652258,0.2786059486522582
E3_sync,1400,0.2520930872279684,0.25209308722796825,0.2520930872279681,0.25209308722796825,0.2520930872279684
E3_sync,1420,0.22810325815206897,0.2281032581520688,0.2281032581520687,0.2281032581520688,0.22810325815206897
E3_sync,1440,0.2063963631519081,0.20639636315190793,0.20639636315190782,0.20639636315190793,0.2063963631519081
E3_sync,1460,0.18675515232638476,0.18675515232638462,0.18675515232638454,0.18675515232638462,0.18675515232638476
E3_sync,1480,0.16898304983591836,0.16898304983591825,0.16898304983591816,0.16898304983591825,0.16898304983591836
E3_sync,1500,0.15290218650537427,0.15290218650537415,0.15290218650537407,0.15290218650537415,0.15290218650537427
E3_sync,1520,0.13835161964957565,0.13835161964957554,0.13835161964957546,0.13835161964957554,0.13835161964957565
E3_sync,1540,0.12518572230481514,0.12518572230481506,0.125185722304815,0.12518572230481506,0.12518572230481514
E3_sync,1560,0.11327272574525557,0.11327272574525551,0.11327272574525547,0.11327272574525551,0.11327272574525557
E3_sync,1580,0.10249340069723245,0.1024934006972324,0.10249340069723235,0.1024934006972324,0.10249340069723245
E3_sync,1600,0.09273986405260885,0.0927398640526088,0.09273986405260877,0.0927398640526088,0.09273986405260885
E3_sync,1620,0.0839144991383685,0.08391449913836845,0.08391449913836843,0.08391449913836845,0.0839144991383685
E3_sync,1640,0.07592897873614213,0.07592897873614207,0.07592897873614206,0.07592897873614207,0.07592897873614213
E3_sync,1660,0.06870338107371815,0.0687033810737181,0.06870338107371808,0.0687033810737181,0.06870338107371815
E3_sync,1680,0.062165389941083754,0.0621653899410837,0.062165389941083685,0.0621653899410837,0.062165389941083754
E3_sync,1700,0.056249570925488844,0.05624957092548879,0.056249570925488775,0.05624957092548879,0.056249570925488844
E3_sync,1720,0.0508967165218499,0.05089671652184987,0.05089671652184986,0.05089671652184987,0.0508967165218499
E3_sync,1740,0.04605325356413883,0.0460532535641388,0.04605325356413879,0.0460532535641388,0.04605325356413883
E3_sync,1760,0.04167070704713074,0.04167070704713071,0.041670707047130696,0.04167070704713071,0.04167070704713074
E3_sync,1780,0.037705214972258656,0.037705214972258635,0.03770521497225862,0.037705214972258635,0.037705214972258656
E3_sync,1800,0.03411708936198934,0.03411708936198932,0.03411708936198931,0.03411708936198932,0.03411708936198934
E3_sync,1820,0.030870419049204543,0.030870419049204522,0.030870419049204522,0.030870419049204522,0.030870419049204543
E3_sync,1840,0.02793271026617034,0.02793271026617032,0.02793271026617032,0.02793271026617032,0.02793271026617034
E3_sync,1860,0.02527456143598812,0.025274561435988104,0.025274561435988104,0.025274561435988104,0.02527456143598812
E3_sync,1880,0.022869368911730723,0.022869368911730706,0.022869368911730706,0.022869368911730706,0.022869368911730723
E3_sync,1900,0.020693060718202275,0.020693060718202257,0.020693060718202257,0.020693060718202257,0.020693060718202275
E3_sync,1920,0.01872385563151949,0.018723855631519477,0.018723855631519477,0.018723855631519477,0.01872385563151949
E3_sync,1940,0.016942045185302148,0.016942045185302138,0.016942045185302138,0.016942045185302138,0.016942045185302148
E3_sync,1960,0.01532979642171736,0.015329796421717353,0.015329796421717353,0.015329796421717353,0.01532979642171736
E3_sync,1980,0.01387097341324363,0.013870973413243625,0.013870973413243625,0.013870973413243625,0.01387097341324363
E3_stag,0,0.9950124791926823,0.0,0.0,0.0,0.0
E3_stag,20,13.968314658883836,4.504611221661946,1.1403403088360204,0.2299102514875668,0.04212283460226472
E3_stag,40,21.456137688596428,9.77324707490109,3.8826394551324874,1.3604748931887307,0.5054384943567204
E3_stag,60,26.80474590043121,14.134881796210793,6.8279444705081955,3.0935191300982163,1.5829050435035652
E3_stag,80,30.94208704539605,17.7347757315698,9.594806422436545,5.071555078302245,3.0950407156340805
E3_stag,100,34.28774395671407,20.764227149623412,12.120400208748167,7.102845771720598,4.825585821440594
E3_stag,120,37.077337692532446,23.362359294121813,14.410413778192158,9.08680549515226,6.621424760956093
E3_stag,140,39.45676450367747,25.62464899816053,16.483532759532224,10.971199934277804,8.389404028258017
E3_stag,160,41.52105766442394,27.617012925158598,18.35959075237873,12.731048410862696,10.077479278519135
E3_stag,180,43.334402135488254,29.38613115417363,20.057166275254364,14.35710206313318,11.65934040134294
E3_stag,200,44.94166303215872,30.96618678820407,21.593206512263357,15.849131405599298,13.12417176633239
E3_stag,220,46.375351008866744,32.38313707622848,22.98307543825359,17.2119199425236,14.47022418886878
E3_stag,240,47.65991784642226,33.65740568524158,24.240681333560854,18.45286333437971,15.700869692381723
E3_stag,260,48.814435527299324,34.805587030645796,25.378610309563758,19.580539986416525,16.82221008246143
E3_stag,280,49.85428311718373,35.84153594745231,26.408251048762445,20.60387255782577,17.841643996679267
E3_stag,300,49.797208285152884,36.77707478082835,27.339908521616884,21.531648672280326,18.767021300781014
E3_stag,320,37.67076877995533,33.117850266735125,27.04256675606979,22.14234880026038,19.56403287946335
E3_stag,340,30.948099939215563,28.61346045401959,25.06304423531945,21.77309136922694,19.861116282087732
E3_stag,360,26.291143452239304,24.942918682382377,22.807928052390466,20.729331847559827,19.47237567303186
E3_stag,380,22.779211092354377,21.9680897229822,20.665574781581135,19.375248285639632,18.58384857807158
E3_stag,400,19.99918682912088,19.50405941048898,18.705059817836595,17.908694131796047,17.41782846931731
E3_stag,420,17.721238319744238,17.41744233230281,16.926350711191496,16.43582826765015,16.132953228958428
E3_stag,440,15.8046685872199,15.617929620578689,15.315879139800764,15.013951656108732,14.827411702934613
E3_stag,460,14.1591251215188,14.044266112273453,13.858441834833855,13.672644136590218,13.557828133387352
E3_stag,480,12.724643689710296,12.653980603236961,12.539649974315628,12.425325089056026,12.354671296022582
E3_stag,500,11.460169263942138,11.416692784942091,11.346347368348331,11.276003192937715,11.232528722214182
E3_stag,520,10.336633171077525,10.30988290241206,10.26660027549362,10.223317916790071,10.196568082105413
E3_stag,540,9.332694662211505,9.316235559568005,9.289604218957285,9.262972936306769,9.246513927444845
E3_stag,560,8.432094639996771,8.42196752732357,8.405581524943353,8.389195535088106,8.379068442680742
E3_stag,580,7.621997954690748,7.615766841348502,7.6056846903626765,7.59560254208345,7.58937143312057
E3_stag,600,6.89194549600288,6.8881115513150375,6.881908098972301,6.875704647214451,6.871870703472971
E3_stag,620,6.233183871615024,6.230824881618154,6.22700795572635,6.223191029960936,6.220832040168573
E3_stag,640,5.638229783832542,5.636778319466852,5.634429800811801,5.632081282184062,5.630629817862566
E3_stag,660,5.10058100696147,5.099687934567734,5.098242913085027,5.096797891608224,5.095904819224037
E3_stag,680,4.614519561215558,4.613970062154873,4.613080953998929,4.612191845844258,4.611642346785636
E3_stag,700,4.174973421126623,4.174635319511914,4.174088259607887,4.173541199704134,5.168215577282555
E3_stag,720,3.819538709655517,4.007118095790383,4.917211552313971,8.28114586431509,17.744641270786637
E3_stag,740,3.9232280252566163,4.778136424720222,7.300093879335371,13.19049439177538,24.87325700610234
E3_stag,760,4.675351868960646,6.1858871987451645,9.920185107959506,17.226995002466474,29.89678034987676
E3_stag,780,5.893142615516319,7.869608519858324,12.392781456773859,20.53267235868835,33.739935214188435
E3_stag,800,7.357376386418635,9.634606520745324,14.65211271454702,23.295891412196394,36.81937840333375
E3_stag,820,8.912260996992867,11.377623385712774,16.701201985148536,25.65311781747407,39.36807787040844
E3_stag,840,10.462224466550078,13.04400908477049,18.556323645981852,27.69742162056711,41.52952583828467
E3_stag,860,11.953036215314004,14.606598402380538,20.23512950620228,29.492540441287858,43.39657823527617
E3_stag,880,13.356409232590632,16.0541666210171,21.754223918690442,31.08318188316186,45.03144859111269
E3_stag,900,14.65973990643277,17.38469691633905,23.128767768608235,32.50174379015407,46.4772174047481
E3_stag,920,15.859661706806092,18.60135584263999,24.372508720680745,33.77256774096642,47.76478005578379
E3_stag,940,16.958083522255993,19.71007616882395,25.497892557365464,34.914615298406595,48.917126464157235
E3_stag,960,17.959783443624833,20.718112735101172,26.516182067236958,35.94315779730756,49.952005681482326
E3_stag,980,18.870962475335382,21.63319065962946,27.437568540806076,36.870852829735895,50.88359962261489
E3_stag,1000,19.69838688967442,22.463014029299966,28.27127350345689,37.708439387488724,50.728572659939495
E3_stag,1020,20.406767138394834,22.98508291652211,27.885300641487007,33.960583921307844,38.51350229185831
E3_stag,1040,20.62365366487988,22.53562866423573,25.825581388291784,29.37599746495548,31.71063686236809
E3_stag,1060,20.162347963089818,21.41930408360551,23.497900201042455,25.632890743640658,26.981115459485306
E3_stag,1080,19.208161282580345,19.999560956915143,21.289887399084126,22.59240228671266,23.403523622851587
E3_stag,1100,17.982729939719825,18.473595581750452,19.269961234705267,20.068960794271923,20.56408819245571
E3_stag,1120,16.644097201381605,16.946972227491795,17.437494650675806,17.928586251429785,18.23238222628968
E3_stag,1140,15.289913885649295,15.476453831082111,15.778381302248462,16.08043177050071,16.26717072940063
E3_stag,1160,13.976317408362652,14.09113340680237,14.276931097339075,14.462755367071743,14.577614371553947
E3_stag,1180,12.733336047456298,12.803989837559023,12.918314718076626,13.03264534225596,13.103308425798573
E3_stag,1200,11.575158755981079,11.618633224901373,11.688977397394282,11.75932281107033,11.802799288267133
E3_stag,1220,10.506592555833691,10.53334238940883,10.57662474631714,10.619907371440343,10.646657638996288
E3_stag,1240,9.527035670940036,9.54349467911928,9.570125960665203,9.59675730017133,9.613216402132156
E3_stag,1260,8.63289501225038,8.643022104237701,8.659408093413298,8.675794095113872,8.685921207367025
E3_stag,1280,7.8190432106404755,7.825274319344904,7.835356467205953,7.8454386177736,7.851669730857396
E3_stag,1300,7.079686321443894,7.083520265026352,7.089723716526901,7.095927168612335,7.099761113141157
E3_stag,1320,6.408871387240383,6.411230376934905,6.4150473025420025,6.418864228275493,6.421223218174519
E3_stag,1340,5.800774855082023,5.802226319343316,5.804574837873645,5.806923356431285,5.808374820736772
E3_stag,1360,5.249858415347685,5.25075148769483,5.252196509111698,5.25364153053447,5.254534602891167
E3_stag,1380,4.75094532117143,4.75149482020726,4.752383928325053,4.753273036444121,4.753822535482015
E3_stag,1400,4.299249641740565,4.299587743340804,4.300134803221867,4.300681863103206,4.30101996470389
E3_stag,1420,3.890378241001425,3.8905862717431368,3.8909228725539813,3.8912594733648858,3.8914675041066946
E3_stag,1440,3.5203174990957526,3.5204454984588285,3.5206526057788334,3.5208597130988513,3.5209877124619475
E3_stag,1460,3.185412025617291,3.1854907824241514,3.1856182136144984,3.18574564480485,3.185824401611716
E3_stag,1480,2.8823396937156134,2.882388152039761,2.88246655925527,2.882544966470781,2.882593424794931
E3_stag,1500,2.608085539875587,2.6081153558276653,2.608163599051535,2.608211842275406,2.608241658227486
E3_stag,1520,2.359915987702773,2.3599343331782716,2.359964016781167,2.3599937003840634,2.3600120458595626
E3_stag,1540,2.13535419576085,2.135365483559754,2.135383747602043,2.1354020116443317,2.1354132994432375
E3_stag,1560,1.932156933725635,1.9321638790023683,1.9321751166961838,1.9321863543900002,1.9321932996667337
E3_stag,1580,1.7482931559735682,1.748297429337162,1.748304343784704,1.7483112582322464,1.7483155315958405
E3_stag,1600,1.5819243046160074,1.581926933976523,1.5819311883712046,1.5819354427658863,1.5819380721264016
E3_stag,1620,1.4313862964863875,1.4313879143072368,1.4313905319963582,1.4313931496854795,1.4313947675063285
E3_stag,1640,1.2951731071031678,1.295174102533153,1.295175713172703,1.2951773238122537,1.2951783192422393
E3_stag,1660,1.1719218447199442,1.1719224571986724,1.1719234482100715,1.1719244392214712,1.1719250517001993
E3_stag,1680,1.0603992004017733,1.0603995772541863,1.0604001870141997,1.060400796774213,1.060401173626627
E3_stag,1700,0.95948916024941,0.9594893921231632,0.959489767302777,0.9594901424823912,0.9594903743561444
E3_stag,1720,0.8681818701639291,0.8681820128336732,0.8681822436781687,0.8681824745226638,0.8681826171924083
E3_stag,1740,0.7855635499346142,0.785563637717969,0.7855637797544205,0.785563921790872,0.7855640095742267
E3_stag,1760,0.7108073607695891,0.7108074147818636,0.710807502175559,0.7108075895692545,0.710807643581529
E3_stag,1780,0.6431651379833565,0.6431651712166018,0.6431652249891225,0.6431652787616435,0.643165311994889
E3_stag,1800,0.5819599080158432,0.5819599284639474,0.5819599615496747,0.5819599946354022,0.5819600150835065
E3_stag,1820,0.52657911607005,0.5265791286515765,0.5265791490089138,0.5265791693662516,0.5265791819477782
E3_stag,1840,0.47646849731382473,0.4764685050551199,0.4764685175807985,0.47646853010647733,0.47646853784777254
E3_stag,1860,0.43112653075315227,0.43112653551629854,0.4311265432232309,0.4311265509301636,0.43112655569331
E3_stag,1880,0.3900994205441546,0.3900994234748737,0.3900994282168769,0.39009943295888033,0.39009943588959956
E3_stag,1900,0.352976554684109,0.35297655648735304,0.35297655940506306,0.35297656232277325,0.3529765641260173
E3_stag,1920,0.3193863957345351,0.3193863968440542,0.31938639863929386,0.3193864004345334,0.31938640154405257
E3_stag,1940,0.28899276251331163,0.28899276319598827,0.2889927643005823,0.28899276540517643,0.2889927660878532
E3_stag,1960,0.2614914655811228,0.2614914660011672,0.2614914666808135,0.2614914673604599,0.26149146778050447
E3_stag,1980,0.23660726287327408,0.2366072631317235,0.23660726354990355,0.23660726396808354,0.23660726422653305
E4_r20,0,0.951229424500714,0.0,0.0,0.0,0.0
E4_r20,20,9.39126971166519,2.5722474087627076,0.586065339445208,0.11017164107622918,0.019168271243862608
E4_r20,40,11.322871067843215,3.907994850828722,1.2609608253355251,0.37773379561297415,0.12373896040013765
E4_r20,60,11.879287252874745,4.358870465838406,1.5616523389570502,0.5513363516760337,0.22932373746232448
E4_r20,80,12.053576721903509,4.509985709103606,1.6769573104401356,0.6328657325770319,0.29097212336836187
E4_r20,100,12.110728959036965,4.561611998349962,1.7197879650098011,0.6670795537362206,0.31994931028758367
E4_r20,120,12.130066350115715,4.57959059402402,1.7355807122692397,0.6807021619850058,0.3322385415296518
E4_r20,140,12.136762744756092,4.585949139147267,1.7413937224308438,0.685971017385658,0.33717178062513475
E4_r20,160,12.139122204236173,4.5882242639700435,1.7435324890242414,0.6879735470115484,0.3390901717995522
E4_r20,180,12.139964219503769,4.589045198129721,1.7443193218541426,0.6887262891655167,0.3398218500838829
E4_r20,200,12.140267483376425,4.58934318978304,1.74460878363464,0.6890072220092179,0.3400975122227666
E4_r20,220,12.14037742311589,4.589451810754951,1.7447152708623526,0.6891115755749693,0.3402005471540242
E4_r20,240,12.140417461252055,4.589491519001003,1.7447544453408383,0.6891502162931145,0.34023885799374953
E4_r20,260,12.140432088788547,4.5895060640136265,1.7447688568275568,0.6891644942545618,0.3402530534323586
E4_r20,280,12.140437444524904,4.589511399106023,1.744774158517365,0.6891697625418379,0.3402583010757626
E4_r20,300,11.189209983927078,4.589513357844655,1.7447761089000604,0.6891717045686019,0.3402602379382788
E4_r20,320,2.749170417650491,2.017266668677954,1.1587114869605495,0.5790007789077619,0.3210926808179246
E4_r20,340,0.817569326274144,0.6815194910904433,0.48381626502582814,0.3114388878037038,0.21652225477116116
E4_r20,360,0.26115323855810496,0.23064397331540465,0.1831248485081395,0.13783642871367113,0.11093757460115619
E4_r20,380,0.08686380530479497,0.0795287658054347,0.06781991274755961,0.05630708350245481,0.04928922436467665
E4_r20,400,0.029711581326158604,0.027902489708839455,0.024989271319468664,0.022093275476655256,0.020312050573784907
E4_r20,420,0.01037419508523648,0.009923898871344346,0.009196528894545749,0.008470672060337893,0.008022824162918813
E4_r20,440,0.003677802224205237,0.003565355527126794,0.0033835205114602055,0.003201818437691919,0.0030895868451257143
E4_r20,460,0.0013183433986131135,0.001290231358759318,0.0012447545723429526,0.001199289465953941,0.0011711963247814092
E4_r20,480,0.0004763283717700219,0.0004692974398122862,0.0004579219831384102,0.00044654755264995715,0.0004395182810951142
E4_r20,500,0.00017306458766921977,0.00017130587504713855,0.0001684602911882272,0.00016561479748805345,0.00016385623074587408
E4_r20,520,6.312488077894602e-05,6.268493571256441e-05,6.197309605034662e-05,6.126126430930735e-05,6.0821332059661864e-05
E4_r20,540,2.3086756600323275e-05,2.2976701644241058e-05,2.2798629547696977e-05,2.262055814709287e-05,2.251050431706518e-05
E4_r20,560,8.459224520805725e-06,8.431693429885809e-06,8.387147238496558e-06,8.34260110825129e-06,8.31507011626443e-06
E4_r20,580,3.1034897830636006e-06,3.096602654792127e-06,3.0854590515100393e-06,3.0743154535999483e-06,3.067428334020548e-06
E4_r20,600,1.1395874922627058e-06,1.1378646193173816e-06,1.1350769527153843e-06,1.1322892865853608e-06,1.1305664144037064e-06
E4_r20,620,4.1869982483653816e-07,4.182688335935746e-07,4.175714751471531e-07,4.1687411674219843e-07,4.164431255663294e-07
E4_r20,640,1.5389822718720854e-07,1.5379041107149073e-07,1.5361596093467177e-07,1.5344151080149595e-07,1.53333694691673e-07
E4_r20,660,5.658276516485351e-08,5.655579404797096e-08,5.651215386439939e-08,5.646851368114789e-08,5.6441542564783255e-08
E4_r20,680,2.080732359975437e-08,2.080057654575952e-08,2.078965958309467e-08,2.077874262045794e-08,2.077199556650859e-08
E4_r20,700,7.652507153415396e-09,7.650819320538781e-09,7.648088349579085e-09,7.645357378621864e-09,7.643669545749246e-09
E4_r20,720,2.814679869395103e-09,2.8142576436613826e-09,2.8135744680734745e-09,2.8128912924857823e-09,2.8124690667524133e-09
E4_r20,740,1.0353327285412868e-09,1.0352271051867625e-09,1.0350562030091521e-09,1.0348853008315606e-09,1.034779677477067e-09
E4_r20,760,3.808450727552875e-10,3.8081865017577156e-10,3.807758975440457e-10,3.8073314491232153e-10,3.807067223328082e-10
E4_r20,780,1.4009692916686807e-10,1.4009031933411406e-10,1.4007962440005824e-10,1.400689294660026e-10,1.4006231963324885e-10
E4_r20,800,5.15367428782391e-11,5.1535089372418043e-11,5.153241394379898e-11,5.152973851517997e-11,5.152808500935896e-11
E4_r20,820,1.8958798563589377e-11,1.895838492505992e-11,1.895771564386021e-11,1.8957046362660514e-11,1.8956632724131068e-11
E4_r20,840,6.974424738521226e-12,6.974321263328777e-12,6.974153836950406e-12,6.973986410572035e-12,6.973882935379587e-12
E4_r20,860,2.5657155845105276e-12,2.5656896993120034e-12,2.5656478161809865e-12,2.56560593304997e-12,2.5655800478514457e-12
E4_r20,880,9.438660376827928e-13,9.43859562280459e-13,9.438490848593926e-13,9.438386074383265e-13,9.438321320359933e-13
E4_r20,900,3.472269147810567e-13,3.472252949041474e-13,3.4722267388825056e-13,3.472200528723539e-13,3.472184329954447e-13
E4_r20,920,1.2773714412743e-13,1.2773673890145856e-13,1.2773608323206364e-13,1.2773542756266873e-13,1.2773502233669726e-13
E4_r20,940,4.699174430882976e-14,4.699164293811018e-14,4.699147891684042e-14,4.6991314895570657e-14,4.699121352485106e-14
E4_r20,960,1.728726539380779e-14,1.728724003506103e-14,1.7287199003746866e-14,1.72871579724327e-14,1.7287132613685945e-14
E4_r20,980,6.3596217169557056e-15,6.359615373249756e-15,6.359605108917913e-15,6.359594844586068e-15,6.359588500880118e-15
E4_r20,1000,2.339572128181529e-15,2.3395705412495886e-15,2.339567973539772e-15,2.339565405829955e-15,2.3395638188980148e-15
E4_r20,1020,8.60679998007349e-16,8.606796010228414e-16,8.606789586884154e-16,8.6067831635398885e-16,8.606779193694813e-16
E4_r20,1040,3.166263543447747e-16,3.166262550357273e-16,3.1662609435031313e-16,3.1662593366489894e-16,3.1662583435585153e-16
E4_r20,1060,1.1648029568971306e-16,1.1648027084671113e-16,1.164802306498896e-16,1.1648019045306805e-16,1.1648016561006611e-16
E4_r20,1080,4.285069842926651e-17,4.285069221457851e-17,4.285068215900209e-17,4.285067210342568e-17,4.2850665888737684e-17
E4_r20,1100,1.5763889076613663e-17,1.5763887521956663e-17,1.5763885006468785e-17,1.5763882490980916e-17,1.5763880936323913e-17
E4_r20,1120,5.799210225051936e-18,5.799209836141278e-18,5.7992092068706174e-18,5.799208577599956e-18,5.799208188689297e-18
E4_r20,1140,2.1334100969665536e-18,2.1334099996772487e-18,2.1334098422598467e-18,2.133409684842444e-18,2.1334095875531386e-18
E4_r20,1160,7.848376842772538e-19,7.848376599395081e-19,7.848376205602073e-19,7.848375811809069e-19,7.848375568431606e-19
E4_r20,1180,2.887256412013742e-19,2.8872563511308015e-19,2.887256252620135e-19,2.88725615410947e-19,2.88725609322653e-19
E4_r20,1200,1.0621622566063131e-19,1.0621622413759283e-19,1.0621622167326481e-19,1.0621621920893683e-19,1.0621621768589837e-19
E4_r20,1220,3.9074765269976316e-20,3.90747648889753e-20,3.90747642725027e-20,3.9074763656030117e-20,3.9074763275029095e-20
E4_r20,1240,1.4374802694000637e-20,1.437480259869e-20,1.437480244447414e-20,1.4374802290258277e-20,1.437480219494764e-20
E4_r20,1260,5.288194352644203e-21,5.288194328801439e-21,5.2881942902230316e-21,5.288194251644622e-21,5.288194227801856e-21
E4_r20,1280,1.9454179759084476e-21,1.9454179699439768e-21,1.9454179602932607e-21,1.945417950642545e-21,1.9454179446780746e-21
E4_r20,1300,7.156792759838437e-22,7.156792744917807e-22,7.15679272077572e-22,7.156792696633635e-22,7.156792681713007e-22
E4_r20,1320,2.6328369164706885e-22,2.632836912738166e-22,2.632836906698818e-22,2.632836900659471e-22,2.632836896926949e-22
E4_r20,1340,9.685665723764266e-23,9.685665714427044e-23,9.6856656993191e-23,9.685665684211162e-23,9.685665674873945e-23
E4_r20,1360,3.563157290954085e-23,3.563157288618299e-23,3.5631572848389176e-23,3.563157281059539e-23,3.5631572787237544e-23
E4_r20,1380,1.310812312282256e-23,1.310812311697939e-23,1.3108123107524947e-23,1.310812309807051e-23,1.310812309222735e-23
E4_r20,1400,4.8222090074295754e-24,4.822209005967858e-24,4.822209003602748e-24,4.822209001237639e-24,4.8222089997759236e-24
E4_r20,1420,1.7739915544145897e-24,1.7739915540489294e-24,1.7739915534572766e-24,1.773991552865625e-24,1.7739915524999647e-24
E4_r20,1440,6.526150215682019e-25,6.526150214767288e-25,6.526150213287221e-25,6.52615021180715e-25,6.52615021089242e-25
E4_r20,1460,2.400836494064072e-25,2.400836493835244e-25,2.4008364934649926e-25,2.4008364930947404e-25,2.400836492865912e-25
E4_r20,1480,8.832183877097716e-26,8.832183876525282e-26,8.832183875599066e-26,8.832183874672848e-26,8.832183874100416e-26
E4_r20,1500,3.2491788688537087e-26,3.249178868710509e-26,3.2491788684788087e-26,3.2491788682471077e-26,3.249178868103908e-26
E4_r20,1520,1.1953061064958279e-26,1.1953061064600055e-26,1.1953061064020438e-26,1.1953061063440815e-26,1.1953061063082585e-26
E4_r20,1540,4.397285424754576e-27,4.397285424664962e-27,4.397285424519966e-27,4.397285424374967e-27,4.3972854242853534e-27
E4_r20,1560,1.6176709047024237e-27,1.6176709046800058e-27,1.6176709046437336e-27,1.6176709046074615e-27,1.617670904585044e-27
E4_r20,1580,5.951078684143201e-28,5.951078684087122e-28,5.951078683996383e-28,5.951078683905645e-28,5.951078683849566e-28
E4_r20,1600,2.1892795006725993e-28,2.189279500658571e-28,2.189279500635872e-28,2.189279500613173e-28,2.1892795005991444e-28
E4_r20,1620,8.053909192712067e-29,8.053909192676974e-29,8.053909192620191e-29,8.053909192563407e-29,8.053909192528313e-29
E4_r20,1640,2.962867613049642e-29,2.9628676130408635e-29,2.962867613026659e-29,2.9628676130124536e-29,2.9628676130036725e-29
E4_r20,1660,1.0899780817509623e-29,1.0899780817487661e-29,1.0899780817452127e-29,1.0899780817416589e-29,1.0899780817394625e-29
E4_r20,1680,4.00980527602988e-30,4.009805276024385e-30,4.009805276015496e-30,4.009805276006606e-30,4.0098052760011115e-30
E4_r20,1700,1.4751249241504808e-30,1.4751249241491063e-30,1.4751249241468819e-30,1.4751249241446584e-30,1.4751249241432837e-30
E4_r20,1720,5.426681327541215e-31,5.426681327537776e-31,5.42668132753221e-31,5.42668132752665e-31,5.426681327523212e-31
E4_r20,1740,1.9963644941903035e-31,1.996364494189443e-31,1.9963644941880504e-31,1.9963644941866596e-31,1.9963644941858e-31
E4_r20,1760,7.344214544969728e-32,7.344214544967576e-32,7.344214544964093e-32,7.344214544960616e-32,7.344214544958463e-32
E4_r20,1780,2.7017855426459793e-32,2.701785542645441e-32,2.70178554264457e-32,2.7017855426436995e-32,2.701785542643161e-32
E4_r20,1800,9.939313555935188e-33,9.939313555933844e-33,9.939313555931665e-33,9.939313555929487e-33,9.939313555928142e-33
E4_r20,1820,3.6564691165847655e-33,3.6564691165844275e-33,3.656469116583882e-33,3.6564691165833376e-33,3.656469116583001e-33
E4_r20,1840,1.345139815269737e-33,1.3451398152696526e-33,1.3451398152695155e-33,1.3451398152693796e-33,1.3451398152692954e-33
E4_r20,1860,4.948492835388623e-34,4.948492835388409e-34,4.948492835388067e-34,4.948492835387726e-34,4.9484928353875156e-34
E4_r20,1880,1.8204487789235876e-34,1.8204487789235346e-34,1.8204487789234493e-34,1.8204487789233633e-34,1.820448778923311e-34
E4_r20,1900,6.697056794716277e-35,6.697056794716146e-35,6.697056794715932e-35,6.697056794715718e-35,6.697056794715586e-35
E4_r20,1920,2.4637095111335953e-35,2.463709511133562e-35,2.463709511133508e-35,2.4637095111334537e-35,2.463709511133421e-35
E4_r20,1940,9.063480781645844e-36,9.06348078164576e-36,9.063480781645623e-36,9.063480781645488e-36,9.063480781645404e-36
E4_r20,1960,3.3342682450199544e-36,3.334268245019934e-36,3.334268245019899e-36,3.334268245019865e-36,3.3342682450198435e-36
E4_r20,1980,1.2266087386936204e-36,1.226608738693615e-36,1.2266087386936069e-36,1.2266087386935979e-36,1.2266087386935922e-36
E4_r2000,0,0.9995001249791693,0.0,0.0,0.0,0.0
E4_r2000,20,14.591312587619218,4.778687451360585,1.2214575384022863,0.24783451334630907,0.04562067496823993
E4_r2000,40,23.196841352816463,10.84435155377726,4.387939713489012,1.5582629697268748,0.5850666548629678
E4_r2000,60,29.92829104727397,16.337177959477096,8.101777750889246,3.7476657084819416,1.9492048671389828
E4_r2000,80,35.62800520963939,21.298267235632526,11.917656948906176,6.478667802507255,4.039230016529224
E4_r2000,100,40.67246886395678,25.867084839176194,15.72847118282346,9.545746855656063,6.653749929989564
E4_r2000,120,45.275516832707275,30.154970913400412,19.509147861148733,12.82258785472383,9.62088783181075
E4_r2000,140,49.572134779940235,34.24060401814775,23.25404590811283,16.227548549437,12.816154398868836
E4_r2000,160,53.651186584197966,38.177895354445845,26.962116595534518,19.706587202952537,16.15373776986043
E4_r2000,180,57.572113895879475,42.00345118814722,30.63339421720026,23.223631209997034,19.575482459057135
E4_r2000,200,61.374933466167406,45.74207908499474,34.268166335693756,26.754558095054282,23.042234732709414
E4_r2000,220,65.08667417334189,49.410607426366376,37.866777617597165,30.28325481080202,26.52772311691866
E4_r2000,240,68.72564131641737,53.02048336614301,41.429583478607384,33.79899118258166,30.014369239288545
E4_r2000,260,72.3042711047384,56.57952814164201,44.95693915046224,37.294657890186265,33.490451159615176
E4_r2000,280,75.8310485359686,60.09312030272832,48.44919712296951,40.76558170707375,36.94818975968796
E4_r2000,300,78.31229754880701,63.564992664629685,51.90670656603264,44.208728239091755,40.38245952839924
E4_r2000,320,68.15923751505848,62.21908148718745,54.108355681170856,47.37433076075074,43.744299736444624
E4_r2000,340,62.95328820925594,59.54897348711812,54.330919680332414,49.44643855095509,46.58336664679238
E4_r2000,360,59.58425449416689,57.41585439548217,53.97240624455251,50.60797770147982,48.567461658658296
E4_r2000,380,57.211253060698446,55.77965427951823,53.47846561060047,51.19596357541717,49.79460090856463
E4_r2000,400,55.45888826512154,54.5017078441395,52.95653609977388,51.41578280029054,50.46575158256028
E4_r2000,420,54.114163938841784,53.47131888791694,52.43201919476784,51.39376422986097,50.75260958491039
E4_r2000,440,53.04276322665638,52.61034657287769,51.910881590039935,51.21166362991241,50.77964666727795
E4_r2000,460,52.15637567643515,51.86534487204449,51.39449439250153,50.92370232069861,50.63276602201661
E4_r2000,480,51.39603435821221,51.20012282540462,50.88314247937472,50.56617594367049,50.37028675643926
E4_r2000,500,50.7221432373519,50.590253583768565,50.37685428327992,50.16345824819917,50.0315738781568
E4_r2000,520,50.10805678866427,50.01926518944616,49.87559798863428,49.7319315599178,49.64314120997629
E4_r2000,540,49.53582691570174,49.47604956130253,49.37932791782081,49.2826064568986,49.2228293978869
E4_r2000,560,48.99335602001614,48.95311186728378,48.88799549523611,48.82287916635406,48.782635083465166
E4_r2000,580,48.472484221868314,48.445390458188044,48.40155183592735,48.357713223873034,48.33061947670704
E4_r2000,600,47.967702524871164,47.949462053929444,47.91994835392732,47.89043465633844,47.872194189301474
E4_r2000,620,47.47528668831808,47.46300656264843,47.44313690239046,47.42326724270308,47.41098711795671
E4_r2000,640,46.992714169272084,46.98444675700303,46.97106980306187,46.957692849255615,46.9494254372049
E4_r2000,660,46.51827159806444,46.512705685422624,46.503699849615565,46.4946940138404,46.489128101250195
E4_r2000,680,46.05079051835016,46.04704335022785,46.040980304850514,46.03491725948071,46.03117009137061
E4_r2000,700,45.589469477201256,45.58694675184285,45.582864896470106,45.57878304109913,45.57626031574361
E4_r2000,720,45.13375424858036,45.132055861150015,45.129307812562,45.126559763974385,45.12486137654471
E4_r2000,740,44.68325719414274,44.68211377999555,44.68026369704227,44.678413614089095,44.67727019994207
E4_r2000,760,44.23770297264965,44.236933186033966,44.23568764512576,44.234442104217564,44.23367231760196
E4_r2000,780,43.79689198820143,43.796373740779764,43.7955351988369,43.7946966568941,43.79417840947245
E4_r2000,800,43.360675780880364,43.36032687849027,43.35976234256433,43.35919780663842,43.358848904248354
E4_r2000,820,42.92894045745761,42.92870556409832,42.92832549865926,42.92794543322024,42.927710539860975
E4_r2000,840,42.50159553496783,42.50143739649758,42.501181523077776,42.50092564965802,42.50076751118779
E4_r2000,860,42.07856642843082,42.078459964051206,42.07828770106638,42.07811543808159,42.078008973702
E4_r2000,880,41.65978939195451,41.659717716390006,41.65960174289045,41.65948576939091,41.65941409382641
E4_r2000,900,41.24520811155448,41.245159857043745,41.245081779605265,41.245003702166784,41.24495544765607
E4_r2000,920,40.834771409980114,40.83473892334648,40.83468635886905,40.83463379439162,40.83460130775797
E4_r2000,940,40.42843170019681,40.42840982905255,40.428374440797754,40.428339052542945,40.42831718139867
E4_r2000,960,40.026143942902095,40.02612921847861,40.026105393860945,40.02608156924327,40.02606684481978
E4_r2000,980,39.62786494338894,39.627855030389206,39.62783899081872,39.627822951248234,39.627813038248505
E4_r2000,1000,39.233552876881866,39.233546203101824,39.233535404698884,39.23352460629596,39.23351793251591
E4_r2000,1020,38.843166967702295,38.84316247467887,38.843155204814245,38.84314793494963,38.84314344192621
E4_r2000,1040,38.456667272009405,38.45666424714803,38.4566593528195,38.45665445849097,38.456651433629595
E4_r2000,1060,38.074014530284494,38.07401249384143,38.07400919880736,38.07400590377327,38.07400386733021
E4_r2000,1080,37.695170066781436,37.69516869577635,37.695166477443536,37.69516425911071,37.69516288810563
E4_r2000,1100,37.320095720608705,37.32009479759987,37.32009330414021,37.32009181068052,37.32009088767168
E4_r2000,1120,36.94875379811905,36.948753176717034,36.948752171267465,36.94875116581789,36.94875054441586
E4_r2000,1140,36.581107039656274,36.581106621306596,36.581105944402566,36.58110526749855,36.58110484914887
E4_r2000,1160,36.21711859597979,36.21711831433206,36.217117858616454,36.21711740290089,36.21711712125317
E4_r2000,1180,35.85675201121619,35.85675182160103,35.85675151479727,35.85675120799352,35.856751018378375
E4_r2000,1200,35.49997121021695,35.499971082561345,35.499970876010266,35.4999706694592,35.499970541803634
E4_r2000,1220,35.14674048889398,35.14674040295175,35.146740263894294,35.146740124836846,35.14674003889461
E4_r2000,1240,34.79702450657146,34.79702444871212,34.797024355093754,34.79702426147538,34.797024203616054
E4_r2000,1260,34.45078827970644,34.45078824075351,34.45078817772633,34.45078811469917,34.45078807574623
E4_r2000,1280,34.10799717654237,34.107997150317885,34.10799710788578,34.10799706545366,34.107997039229176
E4_r2000,1300,33.76861691240147,33.768616894746216,33.76861686617943,33.76861683761263,33.76861681995739
E4_r2000,1320,33.43261354541862,33.43261353353248,33.43261351430031,33.43261349506815,33.432613483181996
E4_r2000,1340,33.09995347258316,33.099953464581,33.099953451633226,33.09995343868545,33.09995343068329
E4_r2000,1360,32.770603425998914,32.77060342061158,32.7706034118947,32.770603403177795,32.77060339779047
E4_r2000,1380,32.44453046930173,32.44453046567479,32.44453045980628,32.444530453937766,32.44453045031081
E4_r2000,1400,32.12170199419371,32.12170199175192,32.12170198780104,32.121701983850144,32.12170198140835
E4_r2000,1420,31.80208571706653,31.80208571542263,31.802085712762757,31.80208571010287,31.802085708458964
E4_r2000,1440,31.485649675695026,31.48564967458829,31.485649672797578,31.485649671006847,31.485649669900106
E4_r2000,1460,31.172362225988465,31.172362225243383,31.1723622240378,31.172362222832216,31.172362222087127
E4_r2000,1480,30.86219203879074,30.862192038289123,30.862192037477488,30.862192036665842,30.86219203616422
E4_r2000,1500,30.555108096723618,30.555108096385915,30.5551080958395,30.55510809529308,30.555108094955365
E4_r2000,1520,30.251079691068988,30.25107969084164,30.251079690473773,30.251079690105893,30.251079689878534
E4_r2000,1540,29.95007641868712,29.950076418534064,29.950076418286407,29.950076418038726,29.950076417885665
E4_r2000,1560,29.652068178969124,29.65206817886608,29.65206817869935,29.652068178532595,29.65206817842955
E4_r2000,1580,29.35702517082192,29.357025170752543,29.357025170640295,29.357025170528036,29.357025170458655
E4_r2000,1600,29.06491788968486,29.064917889638153,29.06491788956258,29.064917889487,29.06491788944029
E4_r2000,1620,28.77571712457699,28.775717124545537,28.775717124494665,28.775717124443773,28.775717124412328
E4_r2000,1640,28.489393955174464,28.489393955153293,28.489393955119038,28.489393955084783,28.489393955063612
E4_r2000,1660,28.205919748917484,28.205919748903234,28.205919748880167,28.205919748857102,28.20591974884285
E4_r2000,1680,27.92526615814632,27.92526615813673,27.9252661581212,27.92526615810567,27.925266158096083
E4_r2000,1700,27.647405117266093,27.647405117259627,27.647405117249182,27.647405117238723,27.64740511723226
E4_r2000,1720,27.372308839939848,27.372308839935496,27.37230883992846,27.37230883992142,27.37230883991707
E4_r2000,1740,27.09994981630974,27.0999498163068,27.09994981630206,27.099949816297325,27.099949816294398
E4_r2000,1760,26.83030081024583,26.830300810243855,26.830300810240665,26.830300810237475,26.830300810235507
E4_r2000,1780,26.563334856622426,26.5633348566211,26.563334856618955,26.5633348566168,26.56333485661548
E4_r2000,1800,26.299025258621427,26.299025258620535,26.29902525861909,26.29902525861764,26.29902525861674
E4_r2000,1820,26.037345585062585,26.037345585061985,26.03734558506101,26.03734558506003,26.03734558505943
E4_r2000,1840,25.778269667760373,25.77826966775996,25.778269667759304,25.77826966775864,25.778269667758227
E4_r2000,1860,25.521771598907044,25.52177159890677,25.521771598906323,25.521771598905882,25.52177159890561
E4_r2000,1880,25.267825728481938,25.267825728481753,25.26782572848145,25.267825728481156,25.26782572848098
E4_r2000,1900,25.016406661686357,25.016406661686243,25.01640666168603,25.016406661685814,25.0164066616857
E4_r2000,1920,24.76748925640409,24.76748925640399,24.767489256403852,24.767489256403707,24.767489256403604
E4_r2000,1940,24.52104862068711,24.521048620687047,24.52104862068695,24.521048620686845,24.521048620686773
E4_r2000,1960,24.277060110266493,24.27706011026646,24.277060110266394,24.277060110266326,24.27706011026629
E4_r2000,1980,24.03549932608791,24.035499326087876,24.035499326087816,24.035499326087756,24.035499326087724
