episode_id,candidate,status,attribution,zero_occ,sat_occ,u_min,u_max,boundary_rel_var,strata
cal000,legacy,DEGRADED,TRANSDUCTION_LOSS(partial),0.1298,0.8552,0.0,0.04,1.0,three_source;low_dof;staggered_source
cal000,A,QUALIFIED,-,0.096,0.0,0.0,0.7431214008095947,1.0,three_source;low_dof;staggered_source
cal000,B,QUALIFIED,-,0.096,0.0,-0.22620934795873102,0.757600877474682,1.0,three_source;low_dof;staggered_source
cal001,legacy,SEMANTIC_FAIL,TRANSDUCTION_LOSS,1.0,0.0,0.0,0.0,1.0,strong_dissipation
cal001,A,QUALIFIED,-,0.1437,0.0,0.0,0.02340382718555456,1.0,strong_dissipation
cal001,B,QUALIFIED,-,0.1127,0.0,-0.3787542217627565,0.501258590418562,1.0,strong_dissipation
cal002,legacy,DEGRADED,TRANSDUCTION_LOSS(partial),0.5358,0.3722,0.0,0.04,1.0,low_dof
cal002,A,QUALIFIED,-,0.0355,0.0,0.0,0.5130244653903225,1.0,low_dof
cal002,B,QUALIFIED,-,0.0355,0.0,-0.9287029536086121,1.3724885975076253,1.0,low_dof
cal003,legacy,DEGRADED,TRANSDUCTION_LOSS(partial),0.8656,0.0808,0.0,0.04,1.0,three_source;staggered_source
cal003,A,QUALIFIED,-,0.0326,0.0,0.0,0.21727249327504453,1.0,three_source;staggered_source
cal003,B,QUALIFIED,-,0.0326,0.0,-1.0383979279243205,1.0943051077997794,1.0,three_source;staggered_source
cal004,legacy,SEMANTIC_FAIL,TRANSDUCTION_LOSS,1.0,0.0,0.0,0.0,1.0,staggered_source
cal004,A,QUALIFIED,-,0.2065,0.0,0.0,0.03409918988027631,1.0,staggered_source
cal004,B,QUALIFIED,-,0.2065,0.0,-0.059533489390449314,0.06971550434176828,1.0,staggered_source
cal005,legacy,SEMANTIC_FAIL,TRANSDUCTION_LOSS,1.0,0.0,0.0,0.0,1.0,strong_dissipation
cal005,A,QUALIFIED,-,0.1323,0.0,0.0,0.0071784495919939495,1.0,strong_dissipation
cal005,B,QUALIFIED,-,0.4026,0.0,-0.13149904288466924,0.13546000566580876,1.0,strong_dissipation
cal006,legacy,DEGRADED,TRANSDUCTION_LOSS(partial),0.8477,0.0,0.0,0.03146298092061306,1.0,three_source;low_dof;staggered_source
cal006,A,QUALIFIED,-,0.017,0.0,0.0,0.08649289537642522,1.0,three_source;low_dof;staggered_source
cal006,B,QUALIFIED,-,0.017,0.0,-0.29525893632688555,1.1911847104904154,1.0,three_source;low_dof;staggered_source
cal007,legacy,SEMANTIC_FAIL,TRANSDUCTION_LOSS,1.0,0.0,0.0,0.0,1.0,strong_dissipation;reduced_non_node0
cal007,A,QUALIFIED,-,0.2355,0.0,0.0,9.762017543849039e-05,1.0,strong_dissipation;reduced_non_node0
cal007,B,QUALIFIED,-,0.4395,0.0,-0.00025452336807962065,0.00025454117382408403,1.0,strong_dissipation;reduced_non_node0
cal008,legacy,DEGRADED,TRANSDUCTION_LOSS(partial),0.9775,0.001,0.0,0.04,1.0,-
cal008,A,QUALIFIED,-,0.1174,0.0,0.0,0.10037362294471275,1.0,-
cal008,B,QUALIFIED,-,0.1173,0.0,-0.7855757820628354,0.9438145578403107,1.0,-
cal009,legacy,SEMANTIC_FAIL,TRANSDUCTION_LOSS,1.0,0.0,0.0,0.0,1.0,three_source;staggered_source;reduced_non_node0
cal009,A,QUALIFIED,-,0.0127,0.0,0.0,0.05079382269759794,1.0,three_source;staggered_source;reduced_non_node0
cal009,B,QUALIFIED,-,0.0127,0.0,-0.03921951801867937,0.04684501581312485,1.0,three_source;staggered_source;reduced_non_node0
cal010,legacy,SEMANTIC_FAIL,TRANSDUCTION_LOSS,1.0,0.0,0.0,0.0,1.0,strong_dissipation;low_dof
cal010,A,QUALIFIED,-,0.611,0.0,0.0,0.05283719579893756,1.0,strong_dissipation;low_dof
cal010,B,QUALIFIED,-,0.5815,0.0,-0.7357511491234525,1.175432086389883,1.0,strong_dissipation;low_dof
cal011,legacy,DEGRADED,TRANSDUCTION_LOSS(partial),0.1052,0.8718,0.0,0.04,1.0,three_source;staggered_source;reduced_non_node0
cal011,A,QUALIFIED,-,0.0447,0.0,0.0,0.4483685470385814,1.0,three_source;staggered_source;reduced_non_node0
cal011,B,QUALIFIED,-,0.0447,0.0,-0.04441346235017078,0.23736317672633087,1.0,three_source;staggered_source;reduced_non_node0
cal012,legacy,QUALIFIED,-,0.4555,0.0,0.0,0.017225786456805614,1.0,three_source;high_dof;staggered_source;reduced_non_node0
cal012,A,QUALIFIED,-,0.0105,0.0,0.0,0.07225571652398625,1.0,three_source;high_dof;staggered_source;reduced_non_node0
cal012,B,QUALIFIED,-,0.01,0.0,-0.013079395968978561,0.015792779484182732,1.0,three_source;high_dof;staggered_source;reduced_non_node0
cal013,legacy,DEGRADED,TRANSDUCTION_LOSS(partial),0.513,0.2617,0.0,0.04,1.0,high_dof;reduced_non_node0
cal013,A,QUALIFIED,-,0.0345,0.0,0.0,0.2800161065698619,1.0,high_dof;reduced_non_node0
cal013,B,QUALIFIED,-,0.0345,0.0,-1.149374977225268,1.2954718761205573,1.0,high_dof;reduced_non_node0
cal014,legacy,DEGRADED,TRANSDUCTION_LOSS(partial),0.1527,0.8117,0.0,0.04,1.0,reduced_non_node0
cal014,A,QUALIFIED,-,0.0107,0.0,0.0,0.39998826591169756,1.0,reduced_non_node0
cal014,B,QUALIFIED,-,0.0107,0.0,-0.8408981981745649,1.1938916389331617,1.0,reduced_non_node0
cal015,legacy,DEGRADED,TRANSDUCTION_LOSS(partial),0.8077,0.0553,0.0,0.04,1.0,three_source;staggered_source
cal015,A,QUALIFIED,-,0.1008,0.0,0.0,0.24482259655881058,1.0,three_source;staggered_source
cal015,B,QUALIFIED,-,0.1008,0.0,-0.7337032968359668,0.8209504668097102,1.0,three_source;staggered_source
cal016,legacy,DEGRADED,TRANSDUCTION_LOSS(partial),0.9999,0.0,0.0,0.00012480392404333462,1.0,strong_dissipation;staggered_source
cal016,A,QUALIFIED,-,0.3366,0.0,0.0,0.055154752742793335,1.0,strong_dissipation;staggered_source
cal016,B,QUALIFIED,-,0.3051,0.0,-0.5566165862701431,0.9274072846119263,1.0,strong_dissipation;staggered_source
cal017,legacy,DEGRADED,TRANSDUCTION_LOSS(partial),0.9659,0.0063,0.0,0.04,1.0,three_source;high_dof;staggered_source
cal017,A,QUALIFIED,-,0.01,0.0,0.0,0.1982750028532971,1.0,three_source;high_dof;staggered_source
cal017,B,QUALIFIED,-,0.0089,0.0,-0.8730191735134801,0.9367442714381032,1.0,three_source;high_dof;staggered_source
cal018,legacy,DEGRADED,TRANSDUCTION_LOSS(partial),0.9998,0.0,0.0,0.009865738840434152,1.0,high_dof
cal018,A,QUALIFIED,-,0.1477,0.0,0.0,0.0648956769780542,1.0,high_dof
cal018,B,QUALIFIED,-,0.1464,0.0,-0.6062011637923406,1.167363955102664,1.0,high_dof
cal019,legacy,SEMANTIC_FAIL,TRANSDUCTION_LOSS,1.0,0.0,0.0,0.0,1.0,three_source;staggered_source;reduced_non_node0
cal019,A,QUALIFIED,-,0.0382,0.0,0.0,0.040788736201064775,1.0,three_source;staggered_source;reduced_non_node0
cal019,B,QUALIFIED,-,0.038,0.0,-0.1662922050429496,0.23052614900291857,1.0,three_source;staggered_source;reduced_non_node0
cal020,legacy,DEGRADED,TRANSDUCTION_LOSS(partial),0.1312,0.6828,0.0,0.04,1.0,three_source;low_dof;staggered_source
cal020,A,QUALIFIED,-,0.052,0.0,0.0,0.2627608547287354,1.0,three_source;low_dof;staggered_source
cal020,B,QUALIFIED,-,0.052,0.0,-0.4157409632845028,0.6914407834453276,1.0,three_source;low_dof;staggered_source
cal021,legacy,DEGRADED,TRANSDUCTION_LOSS(partial),0.251,0.4111,0.0,0.04,1.0,staggered_source
cal021,A,QUALIFIED,-,0.0975,0.0,0.0,0.19602465141993736,1.0,staggered_source
cal021,B,QUALIFIED,-,0.0975,0.0,-0.8048435015252821,1.1452179859534248,1.0,staggered_source
cal022,legacy,DEGRADED,TRANSDUCTION_LOSS(partial),0.8925,0.0051,0.0,0.04,1.0,staggered_source
cal022,A,QUALIFIED,-,0.0835,0.0,0.0,0.12149654030704467,1.0,staggered_source
cal022,B,QUALIFIED,-,0.0835,0.0,-0.6124515489888173,0.7958112451779857,1.0,staggered_source
cal023,legacy,DEGRADED,TRANSDUCTION_LOSS(partial),0.1752,0.7665,0.0,0.04,1.0,three_source;low_dof;staggered_source;reduced_non_node0
cal023,A,QUALIFIED,-,0.0988,0.0,0.0,0.5419147283625109,1.0,three_source;low_dof;staggered_source;reduced_non_node0
cal023,B,QUALIFIED,-,0.0988,0.0,-0.9293463547908933,1.3211249365514535,1.0,three_source;low_dof;staggered_source;reduced_non_node0
cal024,legacy,DEGRADED,TRANSDUCTION_LOSS(partial),0.9208,0.0,0.0,0.03249310568119998,1.0,three_source;high_dof;staggered_source
cal024,A,QUALIFIED,-,0.0498,0.0,0.0,0.08752301900745975,1.0,three_source;high_dof;staggered_source
cal024,B,QUALIFIED,-,0.0493,0.0,-0.16010457807323475,0.3478657407112042,1.0,three_source;high_dof;staggered_source
cal025,legacy,DEGRADED,TRANSDUCTION_LOSS(partial),0.9983,0.0,0.0,0.006769472564312762,1.0,strong_dissipation;three_source;low_dof;staggered_source
cal025,A,QUALIFIED,-,0.4285,0.0,0.0,0.06179941409705071,1.0,strong_dissipation;three_source;low_dof;staggered_source
cal025,B,QUALIFIED,-,0.4005,0.0,-0.7217256805251735,0.9007865563161753,1.0,strong_dissipation;three_source;low_dof;staggered_source
cal026,legacy,SEMANTIC_FAIL,TRANSDUCTION_LOSS,1.0,0.0,0.0,0.0,1.0,low_dof;staggered_source
cal026,A,QUALIFIED,-,0.1833,0.0,0.0,0.054160212152972634,1.0,low_dof;staggered_source
cal026,B,QUALIFIED,-,0.1833,0.0,-0.06901731118519991,0.10931884316447407,1.0,low_dof;staggered_source
cal027,legacy,DEGRADED,TRANSDUCTION_LOSS(partial),0.632,0.0,0.0,0.026540210661674973,1.0,three_source;reduced_non_node0
cal027,A,QUALIFIED,-,0.085,0.0,0.0,0.08157013051540318,1.0,three_source;reduced_non_node0
cal027,B,QUALIFIED,-,0.085,0.0,-0.14078766232005446,0.33657821745121214,1.0,three_source;reduced_non_node0
cal028,legacy,SEMANTIC_FAIL,TRANSDUCTION_LOSS,1.0,0.0,0.0,0.0,1.0,strong_dissipation;staggered_source
cal028,A,QUALIFIED,-,0.5548,0.0,0.0,0.018479129240237868,1.0,strong_dissipation;staggered_source
cal028,B,QUALIFIED,-,0.525,0.0,-0.3379625417486903,0.3796066712843309,1.0,strong_dissipation;staggered_source
cal029,legacy,DEGRADED,TRANSDUCTION_LOSS(partial),0.693,0.0459,0.0,0.04,1.0,staggered_source
cal029,A,QUALIFIED,-,0.0757,0.0,0.0,0.12128884404866307,1.0,staggered_source
cal029,B,QUALIFIED,-,0.0757,0.0,-0.48028238584819166,0.6782978108465724,1.0,staggered_source
