kappa,r_leak,hist_x,hist_y,E_x,E_y,D_world_abs,D_world_hat,D_bnd_red_abs,D_bnd_red_hat,D_tr_full_abs,D_tr_full_hat,D_tr_red_abs,D_tr_red_hat,retention_full,retention_red,floor_x,floor_y,ceil_x,ceil_y,int_x,int_y
0.025,400.0,n0_a0.65_sus,n0_a0.65_pulse,195.00000000000105,195.00000000000017,12.219303978524877,0.6568936751761835,16.113267222516587,0.7404321039409837,0.004652981946350373,1.2650454053650113,0.008037394661517858,1.2616224628015404,1.9257993388743122,1.7039002713233222,0.9498333333333333,0.977,0.0,0.0036666666666666666,0.029,0.012
0.025,400.0,n0_a0.65_sus,n0_a1_sus,195.00000000000105,300.0,10.016271229040242,0.35000000000000037,11.717988201886127,0.3500000000000002,0.008656120050683737,0.8399572673313159,0.010413900028867057,0.745040843304958,2.3998779066609,2.12868812372845,0.9498333333333333,0.8128333333333333,0.0,0.0265,0.029,0.113
0.025,400.0,n0_a0.65_sus,n0_a1_pulse,195.00000000000105,300.0,16.8932169589853,0.6424622210247248,22.46239377969364,0.7002679652524383,0.007442663591488515,1.0825016643264842,0.012122891286799846,1.093304931248241,1.6849265667324347,1.5612665229575617,0.9498333333333333,0.8851666666666667,0.0,0.017666666666666667,0.029,0.0575
0.025,400.0,n0_a0.65_sus,n0_a1.5_sus,195.00000000000105,450.0,24.32523012766911,0.5666666666666664,28.457971347437695,0.5666666666666664,0.016554282260641175,0.9464731919057661,0.01675811632267188,0.8730078556701227,1.6702468092454703,1.5406020982413937,0.9498333333333333,0.706,0.0,0.1455,0.029,0.09366666666666666
0.025,400.0,n0_a0.65_sus,n0_a1.5_pulse,195.00000000000105,450.0,27.813858525323425,0.7051884933789857,35.94078897817166,0.7469724261256594,0.014145133528263215,1.0140420532762584,0.016996667233019354,1.0291967346978468,1.4379730565616125,1.3778242659317523,0.9498333333333333,0.7115,0.0,0.0605,0.029,0.14633333333333334
0.025,400.0,n0_a0.65_sus,n2_a0.65_sus,195.00000000000105,195.00000000000105,7.011743937411211,0.3769421116403399,8.587597426855448,0.3946147446546024,0.004001177527925189,1.403989859137529,0.004900421656853651,1.0,3.724682957358579,2.5341171700902305,0.9498333333333333,0.9498333333333333,0.0,0.0,0.029,0.029
0.025,400.0,n0_a0.65_sus,n2_a0.65_pulse,195.00000000000105,195.00000000000017,12.931029242469235,0.6951550872148574,13.135970256348298,0.6036202316947047,0.004652981946350373,1.2650454053650113,0.004900421656853651,1.0,1.8198031326123534,1.6566707798915756,0.9498333333333333,0.977,0.0,0.0036666666666666666,0.029,0.012
0.025,400.0,n0_a0.65_sus,n2_a1_sus,195.00000000000105,300.0,13.26512205926779,0.46352505983292974,8.256454429866658,0.3372940969445797,0.010029939552409321,0.9732675342545136,0.005284961608742512,0.8591261022781339,2.0997085564377307,2.547112772090096,0.9498333333333333,0.8128333333333333,0.0,0.0265,0.029,0.113
0.025,400.0,n0_a0.65_sus,n2_a1_pulse,195.00000000000105,300.0,17.689529021219876,0.6727465900335471,13.11867884437818,0.6028256618307325,0.007442663591488515,1.0825016643264842,0.005069823401472712,1.0345688098864183,1.6090778910860095,1.716199019704166,0.9498333333333333,0.8851666666666667,0.0,0.017666666666666667,0.029,0.0575
0.025,400.0,n0_a0.65_sus,n2_a1.5_sus,195.00000000000105,450.0,26.555102741929304,0.618612505402096,17.744281661889225,0.48326163164558744,0.016688384072840855,0.954140318044768,0.01332914527093969,0.8397603781797012,1.5423876978118638,1.7376930490429694,0.9498333333333333,0.706,0.0,0.1455,0.029,0.09366666666666666
0.025,400.0,n0_a0.65_sus,n2_a1.5_pulse,195.00000000000105,450.0,28.546781127135056,0.7237709056273395,19.176215015341,0.5948842400079205,0.014162532295559659,1.0152893431430179,0.011412701567313622,1.0754543812500386,1.4027772258446896,1.807838078271698,0.9498333333333333,0.7115,0.0,0.0605,0.029,0.14633333333333334
0.025,400.0,n0_a0.65_pulse,n0_a1_sus,195.00000000000017,300.0,18.948907645636414,0.6621343935599715,23.615241384116622,0.7053543954849207,0.010935717241391408,1.0611607875819062,0.015347249715354592,1.0979870978830126,1.6026365612524154,1.5566459993889492,0.977,0.8128333333333333,0.0036666666666666666,0.0265,0.012,0.113
0.025,400.0,n0_a0.65_pulse,n0_a1_pulse,195.00000000000017,300.0,9.203071779402448,0.3500000000000005,11.226899148611897,0.3500000000000005,0.004907705929386979,0.7138035692842396,0.007307017972167138,0.6589846095863743,2.0394387693835387,1.8828131702467812,0.977,0.8851666666666667,0.0036666666666666666,0.017666666666666667,0.012,0.0575
0.025,400.0,n0_a0.65_pulse,n0_a1.5_sus,195.00000000000017,450.0,31.7296748122731,0.7391563806763861,38.20785550279681,0.7608103140563794,0.01744895678102576,0.9976252404025131,0.01908209751162704,0.9940747939418563,1.349680888216926,1.306600049415459,0.977,0.706,0.0036666666666666666,0.1455,0.012,0.09366666666666666
0.025,400.0,n0_a0.65_pulse,n0_a1.5_pulse,195.00000000000017,450.0,22.350317178548796,0.5666666666666671,27.265326503771742,0.5666666666666671,0.013087273311230158,0.9382057421932919,0.014241259341628069,0.8623489188465495,1.6556571921058079,1.5217922097292038,0.977,0.7115,0.0036666666666666666,0.0605,0.012,0.14633333333333334
0.025,400.0,n0_a0.65_pulse,n2_a0.65_sus,195.00000000000017,195.00000000000105,12.931029242469235,0.6951550872148574,14.826672929791615,0.7111129271192173,0.004652981946350373,1.2650454053650113,0.006370681323848766,1.0,1.8198031326123534,1.4062464087822033,0.977,0.9498333333333333,0.0036666666666666666,0.0,0.012,0.029
0.025,400.0,n0_a0.65_pulse,n2_a0.65_pulse,195.00000000000017,195.00000000000017,9.677908915996442,0.5662437334957366,11.852969310661576,0.5684889483616112,0.005201639519102637,1.4142135623730951,0.006370681323848766,1.0,2.4975350343258906,1.7590491475375314,0.977,0.977,0.0036666666666666666,0.0036666666666666666,0.012,0.012
0.025,400.0,n0_a0.65_pulse,n2_a1_sus,195.00000000000017,300.0,19.662140237829906,0.6870569821719856,17.71550132341794,0.7237167081293104,0.010936520548844303,1.061238737509704,0.00883507047711415,1.3868329034195914,1.544615315828422,1.9162648697227511,0.977,0.8128333333333333,0.0036666666666666666,0.0265,0.012,0.113
0.025,400.0,n0_a0.65_pulse,n2_a1_pulse,195.00000000000017,300.0,15.125865040807286,0.5752484486898458,11.987561477099598,0.5578169148458895,0.007792724377816511,1.1334164180510586,0.006484909793817727,1.0179303380850875,1.9703076481691788,1.8248466674165225,0.977,0.8851666666666667,0.0036666666666666666,0.017666666666666667,0.012,0.0575
0.025,400.0,n0_a0.65_pulse,n2_a1.5_sus,195.00000000000017,450.0,32.37406755949035,0.7541677860432945,26.510299404061485,0.7220022083472594,0.01746949828899566,0.9987996789138737,0.01580304477590315,0.9956205433769426,1.3243732991487596,1.3789716040564821,0.977,0.706,0.0036666666666666666,0.1455,0.012,0.09366666666666666
0.025,400.0,n0_a0.65_pulse,n2_a1.5_pulse,195.00000000000017,450.0,26.752188182755383,0.6782710590841694,18.562370197465015,0.5758415557413527,0.014301431449217429,1.025246801847245,0.011935729073686268,1.124740890664579,1.5115591150705694,1.9532124409058318,0.977,0.7115,0.0036666666666666666,0.0605,0.012,0.14633333333333334
0.025,400.0,n0_a1_sus,n0_a1_pulse,300.0,300.0,18.798929197730587,0.6568936751761834,24.789641880794754,0.7404321039409836,0.012315766071584754,1.1950755250630967,0.01769006500954712,1.2655989510460444,1.8192830441586598,1.709270768122879,0.8128333333333333,0.8851666666666667,0.0265,0.017666666666666667,0.113,0.0575
0.025,400.0,n0_a1_sus,n0_a1.5_sus,300.0,450.0,14.308958898628866,0.3333333333333327,16.739983145551566,0.3333333333333328,0.010517363214797366,0.6013188717948078,0.00980338052632926,0.5107034732794127,1.8039566153844269,1.5321104198382405,0.8128333333333333,0.706,0.0265,0.1455,0.113,0.09366666666666666
0.025,400.0,n0_a1_sus,n0_a1.5_pulse,300.0,450.0,25.281558173948707,0.6409849213379774,33.6604946713591,0.6995801173014208,0.016483457398383656,1.1816727605964852,0.019717265147553956,1.1939367070510842,1.8435266123419696,1.7066475697688606,0.8128333333333333,0.7115,0.0265,0.0605,0.113,0.14633333333333334
0.025,400.0,n0_a1_sus,n2_a0.65_sus,300.0,195.00000000000105,13.26512205926779,0.46352505983292974,19.22126876590715,0.5741125483455135,0.010029939552409321,0.9732675342545136,0.013977623002078114,1.0,2.0997085564377307,1.7418187477034173,0.8128333333333333,0.9498333333333333,0.0265,0.0,0.113,0.029
0.025,400.0,n0_a1_sus,n2_a0.65_pulse,300.0,195.00000000000017,19.662140237829906,0.6870569821719856,23.509991464034783,0.7022107268453914,0.010936520548844303,1.061238737509704,0.013977623002078114,1.0,1.544615315828422,1.4240739449999515,0.8128333333333333,0.977,0.0265,0.0036666666666666666,0.113,0.012
0.025,400.0,n0_a1_sus,n2_a1_sus,300.0,300.0,10.787298365248017,0.3769421116403397,13.21168834900838,0.3946147446546022,0.0084595412730439,0.820882003597116,0.010360779788485989,0.7412404660610468,2.1777402371544063,1.8783901922109842,0.8128333333333333,0.8128333333333333,0.0265,0.0265,0.113,0.113
0.025,400.0,n0_a1_sus,n2_a1_pulse,300.0,300.0,19.89389114226037,0.6951550872148573,20.209185009766614,0.6036202316947046,0.012376841442992432,1.20100204892927,0.014037910161252038,1.004313119560097,1.7276749764445967,1.6638161990369673,0.8128333333333333,0.8851666666666667,0.0265,0.017666666666666667,0.113,0.0575
0.025,400.0,n0_a1_sus,n2_a1.5_sus,300.0,450.0,19.47549778038995,0.4536900720348966,12.278713669021942,0.3344080822919461,0.01231294321561183,0.7039792171927847,0.01015923708107159,0.6400504008173716,1.55167428292025,1.9139800582289535,0.8128333333333333,0.706,0.0265,0.1455,0.113,0.09366666666666666
0.025,400.0,n0_a1_sus,n2_a1.5_pulse,300.0,450.0,26.508638825880507,0.6720961443781912,19.96326957868445,0.5962750800017798,0.016763589995377443,1.201755019507481,0.0160608435335877,1.14903968515962,1.7880700991363652,1.9270295266342348,0.8128333333333333,0.7115,0.0265,0.0605,0.113,0.14633333333333334
0.025,400.0,n0_a1_pulse,n0_a1.5_sus,300.0,450.0,28.260191074887217,0.6583332692731207,35.327161221270735,0.7034487612503644,0.01728430530124009,0.988211470045627,0.019151597624921645,0.9976953765722603,1.5010808600585104,1.4182914684487882,0.8851666666666667,0.706,0.017666666666666667,0.1455,0.0575,0.09366666666666666
0.025,400.0,n0_a1_pulse,n0_a1.5_pulse,300.0,450.0,13.147245399146351,0.3333333333333336,16.038427355159843,0.3333333333333335,0.010248217373633751,0.7346783519022017,0.009788120283034957,0.5926986329742819,2.204035055706603,1.778095898922845,0.8851666666666667,0.7115,0.017666666666666667,0.0605,0.0575,0.14633333333333334
0.025,400.0,n0_a1_pulse,n2_a0.65_sus,300.0,195.00000000000105,17.689529021219876,0.6727465900335471,23.706678996492126,0.7390587141595678,0.007442663591488515,1.0825016643264842,0.01108829836975031,1.0,1.6090778910860095,1.3530724702125536,0.8851666666666667,0.9498333333333333,0.017666666666666667,0.0,0.0575,0.029
0.025,400.0,n0_a1_pulse,n2_a0.65_pulse,300.0,195.00000000000017,15.125865040807286,0.5752484486898458,21.707167085279007,0.676723677595966,0.007792724377816511,1.1334164180510586,0.01108829836975031,1.0,1.9703076481691788,1.4777080115660506,0.8851666666666667,0.977,0.017666666666666667,0.0036666666666666666,0.0575,0.012
0.025,400.0,n0_a1_pulse,n2_a1_sus,300.0,300.0,19.89389114226037,0.6951550872148573,22.810266045833266,0.7111129271192171,0.012376841442992432,1.20100204892927,0.012646359819417256,1.1405140263827542,1.7276749764445967,1.6038437537664796,0.8851666666666667,0.8128333333333333,0.017666666666666667,0.0265,0.0575,0.113
0.025,400.0,n0_a1_pulse,n2_a1_pulse,300.0,300.0,14.889090639994533,0.5662437334957366,18.235337401017816,0.568488948361611,0.008719009221946841,1.2681403476074316,0.010678561828195363,0.9630478430601453,2.2395662372782437,1.6940484873728077,0.8851666666666667,0.8851666666666667,0.017666666666666667,0.017666666666666667,0.0575,0.0575
0.025,400.0,n0_a1_pulse,n2_a1.5_sus,300.0,450.0,29.36305754323555,0.6840250165707762,26.746922604565306,0.7284465894802684,0.01763844171403499,1.0084588366007423,0.01695142422497192,1.0679705358814358,1.4743011032790156,1.4660931237846972,0.8851666666666667,0.706,0.017666666666666667,0.1455,0.0575,0.09366666666666666
0.025,400.0,n0_a1_pulse,n2_a1.5_pulse,300.0,450.0,22.480604789781214,0.5699699596703072,18.18511635100057,0.5641383928614764,0.01308054821942708,0.9377236310921956,0.011658268487388431,1.0514028481766906,1.6452158840697702,1.8637321293515676,0.8851666666666667,0.7115,0.017666666666666667,0.0605,0.0575,0.14633333333333334
0.025,400.0,n0_a1.5_sus,n0_a1.5_pulse,450.0,450.0,28.198393796595877,0.6568936751761838,37.18446282119213,0.740432103940984,0.01862286022376313,1.064741900668627,0.019224394148139427,1.001487684455254,1.6208740332034026,1.3525719362042645,0.706,0.7115,0.1455,0.0605,0.09366666666666666,0.14633333333333334
0.025,400.0,n0_a1.5_sus,n2_a0.65_sus,450.0,195.00000000000105,26.555102741929304,0.618612505402096,35.613010002049556,0.7091406980998703,0.016688384072840855,0.954140318044768,0.019195836800126286,1.0,1.5423876978118638,1.410157395675473,0.706,0.9498333333333333,0.1455,0.0,0.09366666666666666,0.029
0.025,400.0,n0_a1.5_sus,n2_a0.65_pulse,450.0,195.00000000000017,32.37406755949035,0.7541677860432945,39.65097630953474,0.7895463208211456,0.01746949828899566,0.9987996789138737,0.019195836800126286,1.0,1.3243732991487596,1.266550135981861,0.706,0.977,0.1455,0.0036666666666666666,0.09366666666666666,0.012
0.025,400.0,n0_a1.5_sus,n2_a1_sus,450.0,300.0,19.47549778038995,0.4536900720348966,28.335589386082585,0.5642297474198744,0.01231294321561183,0.7039792171927847,0.015448922257524755,0.8048058763149685,1.55167428292025,1.4263797327156311,0.706,0.8128333333333333,0.1455,0.0265,0.09366666666666666,0.113
0.025,400.0,n0_a1.5_sus,n2_a1_pulse,450.0,300.0,29.36305754323555,0.6840250165707762,34.962621015005034,0.696189888823073,0.01763844171403499,1.0084588366007423,0.019094579042118337,0.9947250146444628,1.4743011032790156,1.4288127860145616,0.706,0.8851666666666667,0.1455,0.017666666666666667,0.09366666666666666,0.0575
0.025,400.0,n0_a1.5_sus,n2_a1.5_sus,450.0,450.0,16.18094754787202,0.37694211164033986,19.81753252351257,0.39461474465460245,0.007738150446967949,0.4424203863191297,0.009477260073980528,0.49371434924463303,1.173709099240326,1.2511300095407492,0.706,0.706,0.1455,0.1455,0.09366666666666666,0.09366666666666666
0.025,400.0,n0_a1.5_sus,n2_a1.5_pulse,450.0,450.0,29.840836713390544,0.6951550872148576,30.313777514649903,0.6036202316947046,0.019371466300589234,1.107542643815205,0.018936069039223718,0.9864674948215407,1.5932310130284455,1.634251873983691,0.706,0.7115,0.1455,0.0605,0.09366666666666666,0.14633333333333334
0.025,400.0,n0_a1.5_pulse,n2_a0.65_sus,450.0,195.00000000000105,28.546781127135056,0.7237709056273395,38.576197511593485,0.8017452222164176,0.014162532295559659,1.0152893431430179,0.016514497821458075,1.0,1.4027772258446896,1.2472790261668274,0.7115,0.9498333333333333,0.0605,0.0,0.14633333333333334,0.029
0.025,400.0,n0_a1.5_pulse,n2_a0.65_pulse,450.0,195.00000000000017,26.752188182755383,0.6782710590841694,37.160925413440644,0.7723310311860748,0.014301431449217429,1.025246801847245,0.016514497821458075,1.0,1.5115591150705694,1.2947815892678716,0.7115,0.977,0.0605,0.0036666666666666666,0.14633333333333334,0.012
0.025,400.0,n0_a1.5_pulse,n2_a1_sus,450.0,300.0,26.508638825880507,0.6720961443781912,35.391485796338024,0.7355560287098426,0.016763589995377443,1.201755019507481,0.01757043401966382,1.063939952011966,1.7880700991363652,1.4464431130801894,0.7115,0.8128333333333333,0.0605,0.0265,0.14633333333333334,0.113
0.025,400.0,n0_a1.5_pulse,n2_a1_pulse,450.0,300.0,22.480604789781214,0.5699699596703072,32.242390950951695,0.6701070754832822,0.01308054821942708,0.9377236310921956,0.015842713239444427,0.9593215252878737,1.6452158840697702,1.4315943830260405,0.7115,0.8851666666666667,0.0605,0.017666666666666667,0.14633333333333334,0.0575
0.025,400.0,n0_a1.5_pulse,n2_a1.5_sus,450.0,450.0,29.840836713390544,0.6951550872148576,34.2153990687499,0.711112927119217,0.019371466300589234,1.107542643815205,0.020022327040845583,1.2124090757897354,1.5932310130284455,1.7049459088042662,0.7115,0.706,0.0605,0.1455,0.14633333333333334,0.09366666666666666
0.025,400.0,n0_a1.5_pulse,n2_a1.5_pulse,450.0,450.0,22.333635959991796,0.5662437334957363,27.35300610152672,0.5684889483616108,0.0085720020955013,0.6145131531096834,0.010498515604023172,0.6357150981837274,1.0852449515263562,1.1182541015368246,0.7115,0.7115,0.0605,0.0605,0.14633333333333334,0.14633333333333334
0.025,400.0,n2_a0.65_sus,n2_a0.65_pulse,195.00000000000105,195.00000000000017,12.219303978524877,0.6568936751761835,8.890791950577492,0.55878178843458,0.004652981946350373,1.2650454053650113,0.0,0.0,1.9257993388743122,0.0,0.9498333333333333,0.977,0.0,0.0036666666666666666,0.029,0.012
0.025,400.0,n2_a0.65_sus,n2_a1_sus,195.00000000000105,300.0,10.016271229040242,0.35000000000000037,8.56747591087592,0.3500000000000005,0.008656120050683737,0.8399572673313159,0.006151555161376712,1.0,2.3998779066609,2.857142857142853,0.9498333333333333,0.8128333333333333,0.0,0.0265,0.029,0.113
0.025,400.0,n2_a0.65_sus,n2_a1_pulse,195.00000000000105,300.0,16.8932169589853,0.6424622210247248,12.12152036845799,0.5640504207708821,0.007442663591488515,1.0825016643264842,0.001299606443181957,1.0,1.6849265667324347,1.7728911515273935,0.9498333333333333,0.8851666666666667,0.0,0.017666666666666667,0.029,0.0575
0.025,400.0,n2_a0.65_sus,n2_a1.5_sus,195.00000000000105,450.0,24.32523012766911,0.5666666666666664,20.80672721212718,0.5666666666666665,0.016554282260641175,0.9464731919057661,0.015872557954963878,1.0,1.6702468092454703,1.7647058823529416,0.9498333333333333,0.706,0.0,0.1455,0.029,0.09366666666666666
0.025,400.0,n2_a0.65_sus,n2_a1.5_pulse,195.00000000000105,450.0,27.813858525323425,0.7051884933789857,20.980609248376297,0.6508601294696913,0.014145133528263215,1.0140420532762584,0.010611981099605766,1.0,1.4379730565616125,1.5364284194436388,0.9498333333333333,0.7115,0.0,0.0605,0.029,0.14633333333333334
0.025,400.0,n2_a0.65_pulse,n2_a1_sus,195.00000000000017,300.0,18.948907645636414,0.6621343935599715,15.042043971522675,0.6145001684042891,0.010935717241391408,1.0611607875819062,0.006151555161376712,1.0,1.6026365612524154,1.627338854270394,0.977,0.8128333333333333,0.0036666666666666666,0.0265,0.012,0.113
0.025,400.0,n2_a0.65_pulse,n2_a1_pulse,195.00000000000017,300.0,9.203071779402448,0.3500000000000005,7.521547671504398,0.3500000000000006,0.004907705929386979,0.7138035692842396,0.001299606443181957,1.0,2.0394387693835387,2.8571428571428523,0.977,0.8851666666666667,0.0036666666666666666,0.017666666666666667,0.012,0.0575
0.025,400.0,n2_a0.65_pulse,n2_a1.5_sus,195.00000000000017,450.0,31.7296748122731,0.7391563806763861,26.291285908226804,0.7160374236709208,0.01744895678102576,0.9976252404025131,0.015872557954963878,1.0,1.349680888216926,1.396575048931498,0.977,0.706,0.0036666666666666666,0.1455,0.012,0.09366666666666666
0.025,400.0,n2_a0.65_pulse,n2_a1.5_pulse,195.00000000000017,450.0,22.350317178548796,0.5666666666666671,18.26661577365354,0.5666666666666673,0.013087273311230158,0.9382057421932919,0.010611981099605766,1.0,1.6556571921058079,1.7647058823529391,0.977,0.7115,0.0036666666666666666,0.0605,0.012,0.14633333333333334
0.025,400.0,n2_a1_sus,n2_a1_pulse,300.0,300.0,18.798929197730587,0.6568936751761834,13.678141462426925,0.5587817884345802,0.012315766071584754,1.1950755250630967,0.006287337100125976,1.0220727824407374,1.8192830441586598,1.8291089716865343,0.8128333333333333,0.8851666666666667,0.0265,0.017666666666666667,0.113,0.0575
0.025,400.0,n2_a1_sus,n2_a1.5_sus,300.0,450.0,14.308958898628866,0.3333333333333327,12.239251301251256,0.3333333333333326,0.010517363214797366,0.6013188717948078,0.011081159791634005,0.6981332072042337,1.8039566153844269,2.0943996216127054,0.8128333333333333,0.706,0.0265,0.1455,0.113,0.09366666666666666
0.025,400.0,n2_a1_sus,n2_a1.5_pulse,300.0,450.0,25.281558173948707,0.6409849213379774,18.09442597952057,0.5613249975866134,0.016483457398383656,1.1816727605964852,0.012245797506264354,1.1539596038970785,1.8435266123419696,2.0557780409895616,0.8128333333333333,0.7115,0.0265,0.0605,0.113,0.14633333333333334
0.025,400.0,n2_a1_pulse,n2_a1.5_sus,300.0,450.0,28.260191074887217,0.6583332692731207,22.341042298987357,0.6084534026114085,0.01728430530124009,0.988211470045627,0.015750167980214235,0.9922892091434218,1.5010808600585104,1.630838458433524,0.8851666666666667,0.706,0.017666666666666667,0.1455,0.0575,0.09366666666666666
0.025,400.0,n2_a1_pulse,n2_a1.5_pulse,300.0,450.0,13.147245399146351,0.3333333333333336,10.745068102149142,0.33333333333333376,0.010248217373633751,0.7346783519022017,0.009637174953564797,0.9081409835834344,2.204035055706603,2.7244229507503,0.8851666666666667,0.7115,0.017666666666666667,0.0605,0.0575,0.14633333333333334
0.025,400.0,n2_a1.5_sus,n2_a1.5_pulse,450.0,450.0,28.198393796595877,0.6568936751761838,20.517212193640383,0.5587817884345806,0.01862286022376313,1.064741900668627,0.01745172224345408,1.0994902203520602,1.6208740332034026,1.9676557881964385,0.706,0.7115,0.1455,0.0605,0.09366666666666666,0.14633333333333334
0.05,200.0,n0_a0.65_sus,n0_a0.65_pulse,195.00000000000105,195.00000000000017,10.14189005241128,0.8616568383618992,12.56222376870934,0.9221350227327026,0.0016539030765167428,1.0000030484007585,0.0028646441593214752,1.0000030484007585,1.1605583613795372,1.084443192968962,0.9993333333333333,0.9903333333333333,0.0,0.0,0.0,0.007166666666666667
0.05,200.0,n0_a0.65_sus,n0_a1_sus,195.00000000000105,300.0,6.337810457015726,0.35000000000000014,7.335448898743419,0.35000000000000014,0.0038487573698622536,0.9998129734422456,0.006228931542967564,0.9997857993520959,2.856608495549272,2.8565308552917013,0.9993333333333333,0.9206666666666666,0.0,0.0,0.0,0.05333333333333334
0.05,200.0,n0_a0.65_sus,n0_a1_pulse,195.00000000000105,300.0,13.526064528854725,0.8029924562240442,17.036889292338262,0.8301794349591989,0.004172383315147454,1.000000478985203,0.007169516284155232,1.0000004866671652,1.2453423083045643,1.2045594537237756,0.9993333333333333,0.9646666666666667,0.0,0.007,0.0,0.014333333333333333
0.05,200.0,n0_a0.65_sus,n0_a1.5_sus,195.00000000000105,450.0,15.391825395609624,0.5666666666666669,17.81466161123402,0.5666666666666668,0.01137907048515828,0.9999713554632834,0.013825073795116246,0.9999417866687001,1.7646553331704995,1.7646031529447648,0.9993333333333333,0.837,0.0,0.03983333333333333,0.0,0.07633333333333334
0.05,200.0,n0_a0.65_sus,n0_a1.5_pulse,195.00000000000105,450.0,20.444248903030157,0.8091329944138073,25.660339933884533,0.8335906139373054,0.008126217633968449,1.0000001262738345,0.010833894159868235,1.0000002131289285,1.2358909266804832,1.1996298859527932,0.9993333333333333,0.875,0.0,0.018,0.0,0.0745
0.05,200.0,n0_a0.65_sus,n2_a0.65_sus,195.00000000000105,195.00000000000105,3.6241363003810063,0.3079072845634367,4.438642347115724,0.32582030355604935,5.775307175227545e-06,1.414213562373095,7.073277843570981e-06,1.0,4.592985074640971,3.069176442001487,0.9993333333333333,0.9993333333333333,0.0,0.0,0.0,0.0
0.05,200.0,n0_a0.65_sus,n2_a0.65_pulse,195.00000000000105,195.00000000000017,10.390685831739725,0.8827945733901905,9.911117392214676,0.7275295067216716,0.0016539030765167428,1.0000030484007585,7.073277843570981e-06,1.0,1.1327698181927568,1.374514697700868,0.9993333333333333,0.9903333333333333,0.0,0.0,0.0,0.007166666666666667
0.05,200.0,n0_a0.65_sus,n2_a1_sus,195.00000000000105,300.0,7.770106506212615,0.42909728771771444,4.028328931584924,0.25721354054926915,0.0038493610045799063,0.9999697829690438,0.0008049419707611992,0.997933226613022,2.3304034110485525,3.879784961872442,0.9993333333333333,0.9206666666666666,0.0,0.0,0.0,0.05333333333333334
0.05,200.0,n0_a0.65_sus,n2_a1_pulse,195.00000000000105,300.0,13.813526942479806,0.8200580372063376,10.844073380744618,0.7872973263135112,0.004172383315147454,1.000000478985203,7.073277843570981e-06,1.0,1.2194264718042016,1.2701681646531948,0.9993333333333333,0.9646666666666667,0.0,0.007,0.0,0.014333333333333333
0.05,200.0,n0_a0.65_sus,n2_a1.5_sus,195.00000000000105,450.0,16.346814968126907,0.6018256386437109,10.747484868247367,0.45749303361447236,0.011379112330902594,0.9999750327887483,0.008627756399439034,0.9998697302120433,1.6615693459692358,2.1855408864097146,0.9993333333333333,0.837,0.0,0.03983333333333333,0.0,0.07633333333333334
0.05,200.0,n0_a0.65_sus,n2_a1.5_pulse,195.00000000000105,450.0,20.730556447834676,0.8204643415398252,15.02951279602029,0.7274446802811398,0.008126217633968449,1.0000001262738345,0.004279391857833077,1.0000013659921947,1.218822166478389,1.3746768559854177,0.9993333333333333,0.875,0.0,0.018,0.0,0.0745
0.05,200.0,n0_a0.65_pulse,n0_a1_sus,195.00000000000017,300.0,14.438056420205504,0.7973289484348789,17.34103974368239,0.8274018392151211,0.004189732017701291,1.0883898422243303,0.006857284552300803,1.100640723086293,1.3650449345414974,1.3302372208047881,0.9903333333333333,0.9206666666666666,0.0,0.0,0.007166666666666667,0.05333333333333334
0.05,200.0,n0_a0.65_pulse,n0_a1_pulse,195.00000000000017,300.0,5.895600324018834,0.3500000000000001,7.182677625122639,0.3500000000000001,0.0030569422960868378,0.7326612943779663,0.005216349755146648,0.7275738120995742,2.0933179839370464,2.078782320284497,0.9903333333333333,0.9646666666666667,0.0,0.007,0.007166666666666667,0.014333333333333333
0.05,200.0,n0_a0.65_pulse,n0_a1.5_sus,195.00000000000017,450.0,22.3309600119213,0.8221383980246794,26.29717244031164,0.8364868990895019,0.011498958305407559,1.0105068720746424,0.014119527486793368,1.0212390726658878,1.2291201511844585,1.2208667867691467,0.9903333333333333,0.837,0.0,0.03983333333333333,0.007166666666666667,0.07633333333333334
0.05,200.0,n0_a0.65_pulse,n0_a1.5_pulse,195.00000000000017,450.0,14.317886501188593,0.5666666666666667,17.443645661012116,0.5666666666666667,0.007610033810789552,0.9364793209484019,0.00964390311893728,0.8901605491085314,1.6526105663795327,1.5708715572503495,0.9903333333333333,0.875,0.0,0.018,0.007166666666666667,0.0745
0.05,200.0,n0_a0.65_pulse,n2_a0.65_sus,195.00000000000017,195.00000000000105,10.390685831739725,0.8827945733901905,11.865626651216745,0.889526707850168,0.0016539030765167428,1.0000030484007585,0.0028646354267646674,1.0,1.1327698181927568,1.1241933391936334,0.9903333333333333,0.9993333333333333,0.0,0.0,0.007166666666666667,0.0
0.05,200.0,n0_a0.65_pulse,n2_a0.65_pulse,195.00000000000017,195.00000000000017,6.232010569127183,0.5691868197186957,7.632622982996697,0.5721924508412177,0.002338965031557788,1.414213562373095,0.0028646354267646674,1.0,2.4846210653156544,1.7476637423821904,0.9903333333333333,0.9903333333333333,0.0,0.0,0.007166666666666667,0.007166666666666667
0.05,200.0,n0_a0.65_pulse,n2_a1_sus,195.00000000000017,300.0,14.70770472048276,0.812220038305288,14.375019345155756,0.9178618936108098,0.004189732017701291,1.0883898422243303,0.0029760299538152553,1.0388861095585895,1.3400184566921984,1.131854494439984,0.9903333333333333,0.9206666666666666,0.0,0.0,0.007166666666666667,0.05333333333333334
0.05,200.0,n0_a0.65_pulse,n2_a1_pulse,195.00000000000017,300.0,9.721563881874156,0.5771333149558809,7.759869570627601,0.5633791243376096,0.0044882228733497,1.0756981523840237,0.0028646354267646674,1.0,1.8638642485337302,1.7750036463913095,0.9903333333333333,0.9646666666666667,0.0,0.007,0.007166666666666667,0.014333333333333333
0.05,200.0,n0_a0.65_pulse,n2_a1.5_sus,195.00000000000017,450.0,22.59337142796175,0.8317993575665761,20.123466116599047,0.856604654333629,0.011498958305407559,1.0105068720746424,0.009091958782279384,1.0536660927663393,1.2148444969119405,1.2300494603149321,0.9903333333333333,0.837,0.0,0.03983333333333333,0.007166666666666667,0.07633333333333334
0.05,200.0,n0_a0.65_pulse,n2_a1.5_pulse,195.00000000000017,450.0,17.16472911391561,0.6793376823046746,11.985139300353229,0.5800937092770554,0.008290546351914908,1.0202221712766615,0.00513871890735205,1.2008075206751518,1.5017894603101147,2.070023345317197,0.9903333333333333,0.875,0.0,0.018,0.007166666666666667,0.0745
0.05,200.0,n0_a1_sus,n0_a1_pulse,300.0,300.0,15.602907772940434,0.8616568383618992,19.32649810570668,0.9221350227327026,0.005676904219921333,1.36059094054589,0.009498322431906365,1.324821184299351,1.5790403789198926,1.4366889356108687,0.9206666666666666,0.9646666666666667,0.0,0.007,0.05333333333333334,0.014333333333333333
0.05,200.0,n0_a1_sus,n0_a1.5_sus,300.0,450.0,9.054014938593898,0.3333333333333335,10.4792127124906,0.3333333333333334,0.008813375676249853,0.7745029115235426,0.009050474564603452,0.6546039348828739,2.3235087345706265,1.9638118046486213,0.9206666666666666,0.837,0.0,0.03983333333333333,0.05333333333333334,0.07633333333333334
0.05,200.0,n0_a1_sus,n0_a1.5_pulse,300.0,450.0,20.347737878943676,0.8053133258956127,25.62235138503517,0.8323565345042379,0.008990326086020725,1.106336013409628,0.012494226716891736,1.1532537788725128,1.373795736186582,1.3855285938968513,0.9206666666666666,0.875,0.0,0.018,0.05333333333333334,0.0745
0.05,200.0,n0_a1_sus,n2_a0.65_sus,300.0,195.00000000000105,7.770106506212615,0.42909728771771444,11.324677557979314,0.5403400937019333,0.0038493610045799063,0.9999697829690438,0.006230266069996372,1.0,2.3304034110485525,1.850686283797456,0.9206666666666666,0.9993333333333333,0.0,0.0,0.05333333333333334,0.0
0.05,200.0,n0_a1_sus,n2_a0.65_pulse,300.0,195.00000000000017,14.70770472048276,0.812220038305288,16.177212086766676,0.7718715389508417,0.004189732017701291,1.0883898422243303,0.006230266069996372,1.0,1.3400184566921984,1.2955523678969165,0.9206666666666666,0.9903333333333333,0.0,0.0,0.05333333333333334,0.007166666666666667
0.05,200.0,n0_a1_sus,n2_a1_sus,300.0,300.0,5.575594308278472,0.3079072845634367,6.828680534024192,0.32582030355604935,0.00470974508068291,1.223476509625001,0.005768236133128161,0.9258410585234476,3.973522456150056,2.8415695658578852,0.9206666666666666,0.9206666666666666,0.0,0.0,0.05333333333333334,0.05333333333333334
0.05,200.0,n0_a1_sus,n2_a1_pulse,300.0,300.0,15.985670510368811,0.8827945733901904,15.2478729110995,0.7275295067216715,0.005676904219921333,1.36059094054589,0.006230266069996372,1.0,1.541231654065137,1.3745146977008682,0.9206666666666666,0.9646666666666667,0.0,0.007,0.05333333333333334,0.014333333333333333
0.05,200.0,n0_a1_sus,n2_a1.5_sus,300.0,450.0,11.340461381444864,0.4175113272346799,5.854788070053851,0.2492234032589576,0.009802476936387739,0.8614232736990446,0.004710866027718241,0.5459417403701816,2.0632333005299404,2.190571724931131,0.9206666666666666,0.837,0.0,0.03983333333333333,0.05333333333333334,0.07633333333333334
0.05,200.0,n0_a1_sus,n2_a1.5_pulse,300.0,450.0,20.788622677632695,0.8227624598328297,16.474427234195527,0.7860527162770061,0.00899066784556283,1.1063780698251284,0.007554076302732857,1.2124805293808671,1.3447114128784197,1.542492639836623,0.9206666666666666,0.875,0.0,0.018,0.05333333333333334,0.0745
0.05,200.0,n0_a1_pulse,n0_a1.5_sus,300.0,450.0,21.661760018079836,0.7975010778825432,26.060258262315976,0.8289508947319328,0.012118581017265975,1.0649581529469287,0.015570438783192052,1.1261807789829428,1.3353689198446161,1.3585615096623167,0.9646666666666667,0.837,0.007,0.03983333333333333,0.014333333333333333,0.07633333333333334
0.05,200.0,n0_a1_pulse,n0_a1.5_pulse,300.0,450.0,8.422286177169758,0.3333333333333332,10.260968035889478,0.33333333333333326,0.006146028379340523,0.7563210133250728,0.006500244507832581,0.5999916371069464,2.2689630399752194,1.7999749113208394,0.9646666666666667,0.875,0.007,0.018,0.014333333333333333,0.0745
0.05,200.0,n0_a1_pulse,n2_a0.65_sus,300.0,195.00000000000105,13.813526942479806,0.8200580372063376,17.555796944376418,0.8554649465319466,0.004172383315147454,1.000000478985203,0.007169512794988764,1.0,1.2194264718042016,1.1689549689370655,0.9646666666666667,0.9993333333333333,0.007,0.0,0.014333333333333333,0.0
0.05,200.0,n0_a1_pulse,n2_a0.65_pulse,300.0,195.00000000000017,9.721563881874156,0.5771333149558809,13.92364092232437,0.6784759914281024,0.0044882228733497,1.0756981523840237,0.007169512794988764,1.0,1.8638642485337302,1.4738915048344334,0.9646666666666667,0.9903333333333333,0.007,0.0,0.014333333333333333,0.007166666666666667
0.05,200.0,n0_a1_pulse,n2_a1_sus,300.0,300.0,15.985670510368811,0.8827945733901904,18.254810232641148,0.8895267078501679,0.005676904219921333,1.36059094054589,0.0072147440616586005,1.006308834081648,1.541231654065137,1.1312856884463,0.9646666666666667,0.9206666666666666,0.007,0.0,0.014333333333333333,0.05333333333333334
0.05,200.0,n0_a1_pulse,n2_a1_pulse,300.0,300.0,9.587708567887976,0.5691868197186958,11.742496896917995,0.5721924508412176,0.005853882684025911,1.4030075968085443,0.007169512794988764,1.0,2.4649333895362164,1.7476637423821906,0.9646666666666667,0.9646666666666667,0.007,0.007,0.014333333333333333,0.014333333333333333
0.05,200.0,n0_a1_pulse,n2_a1.5_sus,300.0,450.0,22.076418258487205,0.8127671686065541,21.754131552796387,0.9260179250999123,0.012120207475596726,1.0651010830521361,0.011218711694659938,1.3001352514073832,1.3104627305236691,1.4040065706796179,0.9646666666666667,0.837,0.007,0.03983333333333333,0.014333333333333333,0.07633333333333334
0.05,200.0,n0_a1_pulse,n2_a1.5_pulse,300.0,450.0,14.450644893023757,0.5719209166823386,11.770409014413692,0.5697005311134009,0.00871393770652267,1.0723240749103018,0.007594092915402341,1.0592202193586073,1.8749516648748512,1.8592579109738723,0.9646666666666667,0.875,0.007,0.018,0.014333333333333333,0.0745
0.05,200.0,n0_a1.5_sus,n0_a1.5_pulse,450.0,450.0,23.404361659410657,0.8616568383618992,28.98974715856002,0.9221350227327024,0.013810140261991361,1.2136092042784703,0.017156951160513086,1.2409302584186914,1.4084600159219647,1.3457142694149657,0.837,0.875,0.03983333333333333,0.018,0.07633333333333334,0.0745
0.05,200.0,n0_a1.5_sus,n2_a0.65_sus,450.0,195.00000000000105,16.346814968126907,0.6018256386437109,21.679455088656265,0.689601903102754,0.011379112330902594,0.9999750327887483,0.013825878645570352,1.0,1.6615693459692358,1.4501120073779656,0.837,0.9993333333333333,0.03983333333333333,0.0,0.07633333333333334,0.0
0.05,200.0,n0_a1.5_sus,n2_a0.65_pulse,450.0,195.00000000000017,22.59337142796175,0.8317993575665761,26.113543734614687,0.8306458526058578,0.011498958305407559,1.0105068720746424,0.013825878645570352,1.0,1.2148444969119405,1.203882493198339,0.837,0.9903333333333333,0.03983333333333333,0.0,0.07633333333333334,0.007166666666666667
0.05,200.0,n0_a1.5_sus,n2_a1_sus,450.0,300.0,11.340461381444864,0.4175113272346799,16.635744572514533,0.5291664882638151,0.009802476936387739,0.8614232736990446,0.01340516083330206,0.969570265799846,2.0632333005299404,1.8322593877420075,0.837,0.9206666666666666,0.03983333333333333,0.0,0.07633333333333334,0.05333333333333334
0.05,200.0,n0_a1.5_sus,n2_a1_pulse,450.0,300.0,22.076418258487205,0.8127671686065541,24.152213165162397,0.7682578780107021,0.012120207475596726,1.0651010830521361,0.013825878645570352,1.0,1.3104627305236691,1.3016462682938732,0.837,0.9646666666666667,0.03983333333333333,0.007,0.07633333333333334,0.014333333333333333
0.05,200.0,n0_a1.5_sus,n2_a1.5_sus,450.0,450.0,8.363391462417706,0.3079072845634365,10.243020801036288,0.3258203035560492,0.00647152454800773,0.5687054300811097,0.007925966500257238,0.5732703651927846,1.8470021938176728,1.7594678997472848,0.837,0.837,0.03983333333333333,0.03983333333333333,0.07633333333333334,0.07633333333333334
0.05,200.0,n0_a1.5_sus,n2_a1.5_pulse,450.0,450.0,23.978505765553223,0.8827945733901904,22.87180936664926,0.7275295067216715,0.01385580332392163,1.2176219884503032,0.014109955358393624,1.0205467384826414,1.3792812338823937,1.4027564917350748,0.837,0.875,0.03983333333333333,0.018,0.07633333333333334,0.0745
0.05,200.0,n0_a1.5_pulse,n2_a0.65_sus,450.0,195.00000000000105,20.730556447834676,0.8204643415398252,26.950992517174413,0.8755181909708303,0.008126217633968449,1.0000001262738345,0.010833891850852474,1.0,1.218822166478389,1.142180722585714,0.875,0.9993333333333333,0.018,0.0,0.0745,0.0
0.05,200.0,n0_a1.5_pulse,n2_a0.65_pulse,450.0,195.00000000000017,17.16472911391561,0.6793376823046746,23.803072127559314,0.7732562218400195,0.008290546351914908,1.0202221712766615,0.010833891850852474,1.0,1.5017894603101147,1.293232400536561,0.875,0.9903333333333333,0.018,0.0,0.0745,0.007166666666666667
0.05,200.0,n0_a1.5_pulse,n2_a1_sus,450.0,300.0,20.788622677632695,0.8227624598328297,26.326403543831784,0.8552280659339584,0.00899066784556283,1.1063780698251284,0.010863877337014537,1.0027677483377964,1.3447114128784197,1.1725150147437176,0.875,0.9206666666666666,0.018,0.0,0.0745,0.05333333333333334
0.05,200.0,n0_a1.5_pulse,n2_a1_pulse,450.0,300.0,14.450644893023757,0.5719209166823386,20.684124497953427,0.6719354491573369,0.00871393770652267,1.0723240749103018,0.010833891850852474,1.0,1.8749516648748512,1.4882381949844785,0.875,0.9646666666666667,0.018,0.007,0.0745,0.014333333333333333
0.05,200.0,n0_a1.5_pulse,n2_a1.5_sus,450.0,450.0,23.978505765553223,0.8827945733901904,27.382215348961726,0.8895267078501682,0.01385580332392163,1.2176219884503032,0.01385029931107482,1.278423257472798,1.3792812338823937,1.4371949107211468,0.875,0.837,0.018,0.03983333333333333,0.0745,0.07633333333333334
0.05,200.0,n0_a1.5_pulse,n2_a1.5_pulse,450.0,450.0,14.381562851831964,0.5691868197186958,17.613745345376994,0.5721924508412177,0.006943578342391811,0.8544663128586636,0.008504111963950081,0.784954481826485,1.5012053745042075,1.3718364873085476,0.875,0.875,0.018,0.018,0.0745,0.0745
0.05,200.0,n2_a0.65_sus,n2_a0.65_pulse,195.00000000000105,195.00000000000017,10.14189005241128,0.8616568383618992,8.117180736995213,0.7973715965869259,0.0016539030765167428,1.0000030484007585,0.0,0.0,1.1605583613795372,0.0,0.9993333333333333,0.9903333333333333,0.0,0.0,0.0,0.007166666666666667
0.05,200.0,n2_a0.65_sus,n2_a1_sus,195.00000000000105,300.0,6.337810457015726,0.35000000000000014,5.481496514701002,0.35000000000000003,0.0038487573698622536,0.9998129734422456,0.0008066090488771141,1.0,2.856608495549272,2.8571428571428568,0.9993333333333333,0.9206666666666666,0.0,0.0,0.0,0.05333333333333334
0.05,200.0,n2_a0.65_sus,n2_a1_pulse,195.00000000000105,300.0,13.526064528854725,0.8029924562240442,10.581447076092182,0.7682302303789148,0.004172383315147454,1.000000478985203,0.0,0.0,1.2453423083045643,0.0,0.9993333333333333,0.9646666666666667,0.0,0.007,0.0,0.014333333333333333
0.05,200.0,n2_a0.65_sus,n2_a1.5_sus,195.00000000000105,450.0,15.391825395609624,0.5666666666666669,13.312205821416727,0.5666666666666669,0.01137907048515828,0.9999713554632834,0.008628880481869711,1.0,1.7646553331704995,1.7647058823529405,0.9993333333333333,0.837,0.0,0.03983333333333333,0.0,0.07633333333333334
0.05,200.0,n2_a0.65_sus,n2_a1.5_pulse,195.00000000000105,450.0,20.444248903030157,0.8091329944138073,16.075547727545363,0.778073902708606,0.008126217633968449,1.0000001262738345,0.004279386012225186,1.0,1.2358909266804832,1.2852249593757508,0.9993333333333333,0.875,0.0,0.018,0.0,0.0745
0.05,200.0,n2_a0.65_pulse,n2_a1_sus,195.00000000000017,300.0,14.438056420205504,0.7973289484348789,12.002266362076762,0.7663588247225233,0.004189732017701291,1.0883898422243303,0.0008066090488771141,1.0,1.3650449345414974,1.304871775127104,0.9903333333333333,0.9206666666666666,0.0,0.0,0.007166666666666667,0.05333333333333334
0.05,200.0,n2_a0.65_pulse,n2_a1_pulse,195.00000000000017,300.0,5.895600324018834,0.3500000000000001,4.820828874184736,0.35000000000000003,0.0030569422960868378,0.7326612943779663,0.0,0.0,2.0933179839370464,0.0,0.9903333333333333,0.9646666666666667,0.0,0.007,0.007166666666666667,0.014333333333333333
0.05,200.0,n2_a0.65_pulse,n2_a1.5_sus,195.00000000000017,450.0,22.3309600119213,0.8221383980246794,18.972712096235142,0.8076199891608753,0.011498958305407559,1.0105068720746424,0.008628880481869711,1.0,1.2291201511844585,1.2382061036391747,0.9903333333333333,0.837,0.0,0.03983333333333333,0.007166666666666667,0.07633333333333334
0.05,200.0,n2_a0.65_pulse,n2_a1.5_pulse,195.00000000000017,450.0,14.317886501188593,0.5666666666666667,11.70772726587721,0.5666666666666667,0.007610033810789552,0.9364793209484019,0.004279386012225186,1.0,1.6526105663795327,1.7647058823529411,0.9903333333333333,0.875,0.0,0.018,0.007166666666666667,0.0745
0.05,200.0,n2_a1_sus,n2_a1_pulse,300.0,300.0,15.602907772940434,0.8616568383618992,12.487970364608021,0.797371596586926,0.005676904219921333,1.36059094054589,0.0008066090488771141,1.0,1.5790403789198926,1.254120417983793,0.9206666666666666,0.9646666666666667,0.0,0.007,0.05333333333333334,0.014333333333333333
0.05,200.0,n2_a1_sus,n2_a1.5_sus,300.0,450.0,9.054014938593898,0.3333333333333335,7.8307093067157245,0.3333333333333336,0.008813375676249853,0.7745029115235426,0.008046155356452443,0.9324680499814962,2.3235087345706265,2.7974041499444864,0.9206666666666666,0.837,0.0,0.03983333333333333,0.05333333333333334,0.07633333333333334
0.05,200.0,n2_a1_sus,n2_a1.5_pulse,300.0,450.0,20.347737878943676,0.8053133258956127,15.92395044016758,0.770736429981132,0.008990326086020725,1.106336013409628,0.004354740267726541,1.0176086605148695,1.373795736186582,1.3203069440220714,0.9206666666666666,0.875,0.0,0.018,0.05333333333333334,0.0745
0.05,200.0,n2_a1_pulse,n2_a1.5_sus,300.0,450.0,21.661760018079836,0.7975010778825432,17.972907153959596,0.7650608414466277,0.012118581017265975,1.0649581529469287,0.008628880481869711,1.0,1.3353689198446161,1.307085588263979,0.9646666666666667,0.837,0.007,0.03983333333333333,0.014333333333333333,0.07633333333333334
0.05,200.0,n2_a1_pulse,n2_a1.5_pulse,300.0,450.0,8.422286177169758,0.3333333333333332,6.886898391692474,0.3333333333333332,0.006146028379340523,0.7563210133250728,0.004279386012225186,1.0,2.2689630399752194,3.0000000000000013,0.9646666666666667,0.875,0.007,0.018,0.014333333333333333,0.0745
0.05,200.0,n2_a1.5_sus,n2_a1.5_pulse,450.0,450.0,23.404361659410657,0.8616568383618992,18.731955546912037,0.7973715965869259,0.013810140261991361,1.2136092042784703,0.009631755967217017,1.116223128533819,1.4084600159219647,1.3998782165200105,0.837,0.875,0.03983333333333333,0.018,0.07633333333333334,0.0745
0.1,100.0,n0_a0.65_sus,n0_a0.65_pulse,195.00000000000105,195.00000000000017,7.691139973190586,1.0638224593688996,9.200187622016276,1.0585485946728483,0.00033738755566851497,1.0,0.0005843723882593409,1.0,0.940006474946241,0.9446897431374484,1.0,0.9966666666666667,0.0,0.0,0.0,0.0016666666666666668
0.1,100.0,n0_a0.65_sus,n0_a1_sus,195.00000000000105,300.0,3.750630610045672,0.3500000000000001,4.3170131498403395,0.3500000000000001,0.0,0.0,0.0,0.0,0.0,0.0,1.0,1.0,0.0,0.0,0.0,0.0
0.1,100.0,n0_a0.65_sus,n0_a1_pulse,195.00000000000105,300.0,10.400980329555873,0.9351172561145856,12.577226495649887,0.940615983743107,0.0024943448266862185,1.0,0.004319480382189418,1.0,1.069384607610603,1.0631331141329101,1.0,0.9863333333333333,0.0,0.001,0.0,0.006
0.1,100.0,n0_a0.65_sus,n0_a1.5_sus,195.00000000000105,450.0,9.10867433868234,0.5666666666666665,10.48417479246939,0.5666666666666668,0.002790023445675387,1.0,0.004640053358599831,1.0,1.7647058823529416,1.764705882352941,1.0,0.9331666666666667,0.0,0.0,0.0,0.041666666666666664
0.1,100.0,n0_a0.65_sus,n0_a1.5_pulse,195.00000000000105,450.0,15.191996957503196,0.9105743279110137,18.418316259651107,0.9183032880079176,0.0051526141109645525,1.0,0.007536915792193378,1.0,1.0982079873634714,1.088964847517107,1.0,0.942,0.0,0.008333333333333333,0.0,0.0375
0.1,100.0,n0_a0.65_sus,n2_a0.65_sus,195.00000000000105,195.00000000000105,1.84064514934749,0.2642533274870673,2.254320706715144,0.281181676726751,0.0,0.0,0.0,0.0,0.0,0.0,1.0,1.0,0.0,0.0,0.0,0.0
0.1,100.0,n0_a0.65_sus,n2_a0.65_pulse,195.00000000000105,195.00000000000017,7.7854380578345825,1.076865574000727,7.292725909028054,0.9096225274872742,0.00033738755566851497,1.0,0.0,0.0,0.9286210128204219,0.0,1.0,0.9966666666666667,0.0,0.0,0.0,0.0016666666666666668
0.1,100.0,n0_a0.65_sus,n2_a1_sus,195.00000000000105,300.0,4.390842576978375,0.409743070358965,1.8986849942725263,0.20373632589793111,0.0,0.0,0.0,0.0,0.0,0.0,1.0,1.0,0.0,0.0,0.0,0.0
0.1,100.0,n0_a0.65_sus,n2_a1_pulse,195.00000000000105,300.0,10.508360506351734,0.9447714476527723,8.7786837520308,0.9505090462652815,0.0024943448266862185,1.0,0.0,0.0,1.058457050627895,0.0,1.0,0.9863333333333333,0.0,0.001,0.0,0.006
0.1,100.0,n0_a0.65_sus,n2_a1.5_sus,195.00000000000105,450.0,9.528187186047615,0.5927652994645004,6.197276593861894,0.4433280112693407,0.002790023445675387,1.0,0.0001883386609973323,1.0,1.687008333489481,2.255666176240006,1.0,0.9331666666666667,0.0,0.0,0.0,0.041666666666666664
0.1,100.0,n0_a0.65_sus,n2_a1.5_pulse,195.00000000000105,450.0,15.302439172571587,0.917193987330392,12.142236172249888,0.8764643728389735,0.0051526141109645525,1.0,0.0021447392305015177,1.0,1.090281896538185,1.1409476882224885,1.0,0.942,0.0,0.008333333333333333,0.0,0.0375
0.1,100.0,n0_a0.65_pulse,n0_a1_sus,195.00000000000017,300.0,10.151497414953322,0.9473137892378044,11.949612343942599,0.9688097245046824,0.00033738755566851497,1.0,0.0005843723882593409,1.0,1.0556164296991668,1.032194428592533,0.9966666666666667,1.0,0.0,0.0,0.0016666666666666668,0.0
0.1,100.0,n0_a0.65_pulse,n0_a1_pulse,195.00000000000017,300.0,3.8929268939707,0.35000000000000014,4.679943090016326,0.3500000000000001,0.0022542443706549935,0.9037420754891364,0.003903523469477225,0.9037020947178475,2.5821202156832457,2.582005984908135,0.9966666666666667,0.9863333333333333,0.0,0.001,0.0016666666666666668,0.006
0.1,100.0,n0_a0.65_pulse,n0_a1.5_sus,195.00000000000017,450.0,14.648235793640138,0.9112925373210986,17.044704580010116,0.92126143638983,0.0028103489445508957,1.0072850638251853,0.004676706774944683,1.0078993523376016,1.1053366757356242,1.0940427033256508,0.9966666666666667,0.9331666666666667,0.0,0.0,0.0016666666666666668,0.041666666666666664
0.1,100.0,n0_a0.65_pulse,n0_a1.5_pulse,195.00000000000017,450.0,9.454251028214555,0.5666666666666668,11.365576075753934,0.5666666666666668,0.0050360924488103845,0.9773859133160749,0.007296813317330777,0.9681431395171889,1.724798670557779,1.7084878932656271,0.9966666666666667,0.942,0.0,0.008333333333333333,0.0016666666666666668,0.0375
0.1,100.0,n0_a0.65_pulse,n2_a0.65_sus,195.00000000000017,195.00000000000105,7.7854380578345825,1.076865574000727,8.780087189666615,1.010212980166355,0.00033738755566851497,1.0,0.0005843723882593409,1.0,0.9286210128204219,0.9898902703025324,0.9966666666666667,1.0,0.0,0.0,0.0016666666666666668,0.0
0.1,100.0,n0_a0.65_pulse,n2_a0.65_pulse,195.00000000000017,195.00000000000017,3.7542726527009034,0.5192831726453238,4.5980261772011275,0.529036401007498,0.0004771380570023214,1.414213562373095,0.0005843723882593409,1.0,2.723395705600918,1.8902290997284834,0.9966666666666667,0.9966666666666667,0.0,0.0,0.0016666666666666668,0.0016666666666666668
0.1,100.0,n0_a0.65_pulse,n2_a1_sus,195.00000000000017,300.0,10.261488609429367,0.9575779080138592,10.40780633071438,1.1167983256166285,0.00033738755566851497,1.0,0.0005843723882593409,1.0,1.0443014522694343,0.8954168152498442,0.9966666666666667,1.0,0.0,0.0,0.0016666666666666668,0.0
0.1,100.0,n0_a0.65_pulse,n2_a1_pulse,195.00000000000017,300.0,6.069499411874998,0.5456883347710354,4.658951672446297,0.5044464336408677,0.0025170590928971603,1.0091063055788956,0.0005843723882593409,1.0,1.8492356190870474,1.9823710374607058,0.9966666666666667,0.9863333333333333,0.0,0.001,0.0016666666666666668,0.006
0.1,100.0,n0_a0.65_pulse,n2_a1.5_sus,195.00000000000017,450.0,14.762746524259878,0.9184164514720616,13.778659703866456,0.9856693842779685,0.0028103489445508957,1.0072850638251853,0.0006139727513385215,1.050653254113102,1.0967628707115196,1.0659286682448152,0.9966666666666667,0.9331666666666667,0.0,0.0,0.0016666666666666668,0.041666666666666664
0.1,100.0,n0_a0.65_pulse,n2_a1.5_pulse,195.00000000000017,450.0,11.041230794975796,0.6617866853560656,7.665754813035393,0.5533380251571454,0.005163648181202027,1.0021414509217748,0.0022229254272269614,1.0364548732141954,1.5142967864072179,1.873095334302838,0.9966666666666667,0.942,0.0,0.008333333333333333,0.0016666666666666668,0.0375
0.1,100.0,n0_a1_sus,n0_a1_pulse,300.0,300.0,11.832523035677823,1.0638224593688994,14.154134803101963,1.0585485946728481,0.0024943448266862185,1.0,0.004319480382189418,1.0,0.9400064749462411,0.9446897431374485,1.0,0.9863333333333333,0.0,0.001,0.0,0.006
0.1,100.0,n0_a1_sus,n0_a1.5_sus,300.0,450.0,5.358043728636669,0.33333333333333315,6.167161642629051,0.33333333333333326,0.002790023445675387,1.0,0.004640053358599831,1.0,3.0000000000000018,3.000000000000001,1.0,0.9331666666666667,0.0,0.0,0.0,0.041666666666666664
0.1,100.0,n0_a1_sus,n0_a1.5_pulse,300.0,450.0,15.664629432807324,0.9389028616615698,18.935009845360298,0.9440646774835015,0.0051526141109645525,1.0,0.007536915792193378,1.0,1.065072906722541,1.0592494601806304,1.0,0.942,0.0,0.008333333333333333,0.0,0.0375
0.1,100.0,n0_a1_sus,n2_a0.65_sus,300.0,195.00000000000105,4.390842576978375,0.409743070358965,6.427091551960579,0.5210737065439326,0.0,0.0,0.0,0.0,0.0,0.0,1.0,1.0,0.0,0.0,0.0,0.0
0.1,100.0,n0_a1_sus,n2_a0.65_pulse,300.0,195.00000000000017,10.261488609429367,0.9575779080138592,10.754678861351108,0.871931002019788,0.00033738755566851497,1.0,0.0,0.0,1.0443014522694343,0.0,1.0,0.9966666666666667,0.0,0.0,0.0,0.0016666666666666668
0.1,100.0,n0_a1_sus,n2_a1_sus,300.0,300.0,2.831761768226907,0.26425332748706726,3.4681857026386824,0.28118167672675093,0.0,0.0,0.0,0.0,0.0,0.0,1.0,1.0,0.0,0.0,0.0,0.0
0.1,100.0,n0_a1_sus,n2_a1_pulse,300.0,300.0,11.977597012053204,1.0768655740007267,11.21957832158162,0.9096225274872741,0.0024943448266862185,1.0,0.0,0.0,0.9286210128204221,0.0,1.0,0.9863333333333333,0.0,0.001,0.0,0.006
0.1,100.0,n0_a1_sus,n2_a1.5_sus,300.0,450.0,6.382550012806019,0.3970696729413733,2.666845265984163,0.1907752849538479,0.002790023445675387,1.0,0.0001883386609973323,1.0,2.5184497032782667,5.241769132945699,1.0,0.9331666666666667,0.0,0.0,0.0,0.041666666666666664
0.1,100.0,n0_a1_sus,n2_a1.5_pulse,300.0,450.0,15.829149012411333,0.9487637973927434,13.2938045215695,0.9595881580091484,0.0051526141109645525,1.0,0.0021447392305015177,1.0,1.0540031172648625,1.0421137356203871,1.0,0.942,0.0,0.008333333333333333,0.0,0.0375
0.1,100.0,n0_a1_pulse,n0_a1.5_sus,300.0,450.0,15.306278046163653,0.9522305043510262,18.033734204971335,0.9747182064175408,0.0037424573400153356,1.3413712869747554,0.006339401071297888,1.3662345195984658,1.4086623783271262,1.4016712836624812,0.9863333333333333,0.9331666666666667,0.001,0.0,0.006,0.041666666666666664
0.1,100.0,n0_a1_pulse,n0_a1.5_pulse,300.0,450.0,5.561324134243856,0.33333333333333337,6.685632985737608,0.3333333333333334,0.0038908144649588017,0.7551146624155897,0.0047911851596302134,0.6356957264393016,2.265343987246769,1.9070871793179043,0.9863333333333333,0.942,0.001,0.008333333333333333,0.006,0.0375
0.1,100.0,n0_a1_pulse,n2_a0.65_sus,300.0,195.00000000000105,10.508360506351734,0.9447714476527723,12.705051156128334,0.9501756365651459,0.0024943448266862185,1.0,0.004319480382189418,1.0,1.058457050627895,1.052437003768027,0.9863333333333333,1.0,0.001,0.0,0.006,0.0
0.1,100.0,n0_a1_pulse,n2_a0.65_pulse,300.0,195.00000000000017,6.069499411874998,0.5456883347710354,8.700405210746517,0.650679242287679,0.0025170590928971603,1.0091063055788956,0.004319480382189418,1.0,1.8492356190870474,1.5368555426544235,0.9863333333333333,0.9966666666666667,0.001,0.0,0.006,0.0016666666666666668
0.1,100.0,n0_a1_pulse,n2_a1_sus,300.0,300.0,11.977597012053204,1.0768655740007267,13.507826445640946,1.010212980166355,0.0024943448266862185,1.0,0.004319480382189418,1.0,0.9286210128204221,0.9898902703025324,0.9863333333333333,1.0,0.001,0.0,0.006,0.0
0.1,100.0,n0_a1_pulse,n2_a1_pulse,300.0,300.0,5.775804081078312,0.5192831726453235,7.073886426463273,0.5290364010074979,0.003526840963442047,1.4139348039250523,0.004319480382189418,1.0,2.7228588916567613,1.8902290997284839,0.9863333333333333,0.9863333333333333,0.001,0.001,0.006,0.006
0.1,100.0,n0_a1_pulse,n2_a1.5_sus,300.0,450.0,15.474607937405736,0.9627026032343322,15.793481158747777,1.1298015325090212,0.0037424573400153356,1.3413712869747554,0.0043235844184363395,1.000950122673052,1.3933392124091422,0.8859521729008273,0.9863333333333333,0.9331666666666667,0.001,0.0,0.006,0.041666666666666664
0.1,100.0,n0_a1_pulse,n2_a1.5_pulse,300.0,450.0,8.998232898776543,0.5393339596571927,7.045496750475581,0.5085658690165628,0.005646265573710215,1.0958060223635206,0.004579944882473654,1.060299961393091,2.031776421162184,2.0848822659755792,0.9863333333333333,0.942,0.001,0.008333333333333333,0.006,0.0375
0.1,100.0,n0_a1.5_sus,n0_a1.5_pulse,450.0,450.0,17.748784553516735,1.0638224593688992,21.23120220465294,1.0585485946728481,0.005859493408472219,1.1371884799219596,0.008850717192932305,1.174315520693457,1.0689645343609158,1.109363827606221,0.9331666666666667,0.942,0.0,0.008333333333333333,0.041666666666666664,0.0375
0.1,100.0,n0_a1.5_sus,n2_a0.65_sus,450.0,195.00000000000105,9.528187186047615,0.5927652994645004,12.558498459209172,0.6787832710811139,0.002790023445675387,1.0,0.004640053358599831,1.0,1.687008333489481,1.4732242861661524,0.9331666666666667,1.0,0.0,0.0,0.041666666666666664,0.0
0.1,100.0,n0_a1.5_sus,n2_a0.65_pulse,450.0,195.00000000000017,14.762746524259878,0.9184164514720616,16.418794494570317,0.8874311742309063,0.0028103489445508957,1.0072850638251853,0.004640053358599831,1.0,1.0967628707115196,1.1268479506218063,0.9331666666666667,0.9966666666666667,0.0,0.0,0.041666666666666664,0.0016666666666666668
0.1,100.0,n0_a1.5_sus,n2_a1_sus,450.0,300.0,6.382550012806019,0.3970696729413733,9.419087478733035,0.5090990001854235,0.002790023445675387,1.0,0.004640053358599831,1.0,2.5184497032782667,1.9642544959541877,0.9331666666666667,1.0,0.0,0.0,0.041666666666666664,0.0
0.1,100.0,n0_a1.5_sus,n2_a1_pulse,450.0,300.0,15.474607937405736,0.9627026032343322,16.132895681101946,0.8719784246498478,0.0037424573400153356,1.3413712869747554,0.004640053358599831,1.0,1.3933392124091422,1.1468173658098946,0.9331666666666667,0.9863333333333333,0.0,0.001,0.041666666666666664,0.006
0.1,100.0,n0_a1.5_sus,n2_a1.5_sus,450.0,450.0,4.247642652340362,0.26425332748706737,5.202278553958026,0.28118167672675115,0.0037058048187807793,1.3282342929859168,0.0045386654461799965,0.9781494080812836,5.02636733325873,3.4787096352364277,0.9331666666666667,0.9331666666666667,0.0,0.0,0.041666666666666664,0.041666666666666664
0.1,100.0,n0_a1.5_sus,n2_a1.5_pulse,450.0,450.0,17.966395518079803,1.0768655740007262,16.829367482372426,0.9096225274872742,0.005859493408472219,1.1371884799219596,0.005111751318042166,1.1016578739483878,1.0560171179928468,1.211115424979182,0.9331666666666667,0.942,0.0,0.008333333333333333,0.041666666666666664,0.0375
0.1,100.0,n0_a1.5_pulse,n2_a0.65_sus,450.0,195.00000000000105,15.302439172571587,0.917193987330392,18.917545539123054,0.943193939376155,0.0051526141109645525,1.0,0.007536915792193378,1.0,1.090281896538185,1.0602273384638343,0.942,1.0,0.008333333333333333,0.0,0.0375,0.0
0.1,100.0,n0_a1.5_pulse,n2_a0.65_pulse,450.0,195.00000000000017,11.041230794975796,0.6617866853560656,15.153188768920057,0.7555100517406106,0.005163648181202027,1.0021414509217748,0.007536915792193378,1.0,1.5142967864072179,1.3236091269680819,0.942,0.9966666666666667,0.008333333333333333,0.0,0.0375,0.0016666666666666668
0.1,100.0,n0_a1.5_pulse,n2_a1_sus,450.0,300.0,15.829149012411333,0.9487637973927434,19.08822204500416,0.9517035552567159,0.0051526141109645525,1.0,0.007536915792193378,1.0,1.0540031172648625,1.050747361903315,0.942,1.0,0.008333333333333333,0.0,0.0375,0.0
0.1,100.0,n0_a1.5_pulse,n2_a1_pulse,450.0,300.0,8.998232898776543,0.5393339596571927,12.903609469017443,0.6433501757447442,0.005646265573710215,1.0958060223635206,0.007536915792193378,1.0,2.031776421162184,1.5543634519760516,0.942,0.9863333333333333,0.008333333333333333,0.001,0.0375,0.006
0.1,100.0,n0_a1.5_pulse,n2_a1.5_sus,450.0,450.0,17.966395518079803,1.0768655740007262,20.261739668461416,1.0102129801663549,0.005859493408472219,1.1371884799219596,0.007539268605762776,1.0003121719326937,1.0560171179928468,0.9901992862613677,0.942,0.9331666666666667,0.008333333333333333,0.0,0.0375,0.041666666666666664
0.1,100.0,n0_a1.5_pulse,n2_a1.5_pulse,450.0,450.0,8.66370612161747,0.5192831726453235,10.61082963969491,0.5290364010074979,0.005323974162943497,1.03325691547797,0.006520510051486375,0.8651430148974492,1.9897754633842075,1.6353185021859917,0.942,0.942,0.008333333333333333,0.008333333333333333,0.0375,0.0375
0.1,100.0,n2_a0.65_sus,n2_a0.65_pulse,195.00000000000105,195.00000000000017,7.691139973190586,1.0638224593688996,6.4227793801864514,1.0602913043821163,0.00033738755566851497,1.0,0.0,0.0,0.940006474946241,0.0,1.0,0.9966666666666667,0.0,0.0,0.0,0.0016666666666666668
0.1,100.0,n2_a0.65_sus,n2_a1_sus,195.00000000000105,300.0,3.750630610045672,0.3500000000000001,3.2617636794349036,0.3500000000000001,0.0,0.0,0.0,0.0,0.0,0.0,1.0,1.0,0.0,0.0,0.0,0.0
0.1,100.0,n2_a0.65_sus,n2_a1_pulse,195.00000000000105,300.0,10.400980329555873,0.9351172561145856,8.576784993702242,0.9286485257542622,0.0024943448266862185,1.0,0.0,0.0,1.069384607610603,0.0,1.0,0.9863333333333333,0.0,0.001,0.0,0.006
0.1,100.0,n2_a0.65_sus,n2_a1.5_sus,195.00000000000105,450.0,9.10867433868234,0.5666666666666665,7.921426078627617,0.5666666666666667,0.002790023445675387,1.0,0.0001883386609973323,1.0,1.7647058823529416,1.7647058823529411,1.0,0.9331666666666667,0.0,0.0,0.0,0.041666666666666664
0.1,100.0,n2_a0.65_sus,n2_a1.5_pulse,195.00000000000105,450.0,15.191996957503196,0.9105743279110137,12.48877237467954,0.9014784337598645,0.0051526141109645525,1.0,0.0021447392305015177,1.0,1.0982079873634714,1.1092888776376204,1.0,0.942,0.0,0.008333333333333333,0.0,0.0375
0.1,100.0,n2_a0.65_pulse,n2_a1_sus,195.00000000000017,300.0,10.151497414953322,0.9473137892378044,8.628821977014672,0.9259063466174725,0.00033738755566851497,1.0,0.0,0.0,1.0556164296991668,0.0,0.9966666666666667,1.0,0.0,0.0,0.0016666666666666668,0.0
0.1,100.0,n2_a0.65_pulse,n2_a1_pulse,195.00000000000017,300.0,3.8929268939707,0.35000000000000014,3.2325198011353313,0.35000000000000014,0.0022542443706549935,0.9037420754891364,0.0,0.0,2.5821202156832457,0.0,0.9966666666666667,0.9863333333333333,0.0,0.001,0.0016666666666666668,0.006
0.1,100.0,n2_a0.65_pulse,n2_a1.5_sus,195.00000000000017,450.0,14.648235793640138,0.9112925373210986,12.601694427721503,0.9014740660113588,0.0028103489445508957,1.0072850638251853,0.0001883386609973323,1.0,1.1053366757356242,1.1092942522734754,0.9966666666666667,0.9331666666666667,0.0,0.0,0.0016666666666666668,0.041666666666666664
0.1,100.0,n2_a0.65_pulse,n2_a1.5_pulse,195.00000000000017,450.0,9.454251028214555,0.5666666666666668,7.850405231328661,0.5666666666666669,0.0050360924488103845,0.9773859133160749,0.0021447392305015177,1.0,1.724798670557779,1.7647058823529405,0.9966666666666667,0.942,0.0,0.008333333333333333,0.0016666666666666668,0.0375
0.1,100.0,n2_a1_sus,n2_a1_pulse,300.0,300.0,11.832523035677823,1.0638224593688994,9.881199046440695,1.060291304382116,0.0024943448266862185,1.0,0.0,0.0,0.9400064749462411,0.0,1.0,0.9863333333333333,0.0,0.001,0.0,0.006
0.1,100.0,n2_a1_sus,n2_a1.5_sus,300.0,450.0,5.358043728636669,0.33333333333333315,4.659662399192713,0.3333333333333331,0.002790023445675387,1.0,0.0001883386609973323,1.0,3.0000000000000018,3.000000000000002,1.0,0.9331666666666667,0.0,0.0,0.0,0.041666666666666664
0.1,100.0,n2_a1_sus,n2_a1.5_pulse,300.0,450.0,15.664629432807324,0.9389028616615698,12.923112321857507,0.9328304420721614,0.0051526141109645525,1.0,0.0021447392305015177,1.0,1.065072906722541,1.0720061812933872,1.0,0.942,0.0,0.008333333333333333,0.0,0.0375
0.1,100.0,n2_a1_pulse,n2_a1.5_sus,300.0,450.0,15.306278046163653,0.9522305043510262,12.99787564272094,0.9298152619363451,0.0037424573400153356,1.3413712869747554,0.0001883386609973323,1.0,1.4086623783271262,1.0754824543506576,0.9863333333333333,0.9331666666666667,0.001,0.0,0.006,0.041666666666666664
0.1,100.0,n2_a1_pulse,n2_a1.5_pulse,300.0,450.0,5.561324134243856,0.33333333333333337,4.61788543019333,0.3333333333333334,0.0038908144649588017,0.7551146624155897,0.0021447392305015177,1.0,2.265343987246769,2.999999999999999,0.9863333333333333,0.942,0.001,0.008333333333333333,0.006,0.0375
0.1,100.0,n2_a1.5_sus,n2_a1.5_pulse,450.0,450.0,17.748784553516735,1.0638224593688992,14.821798569661038,1.0602913043821163,0.005859493408472219,1.1371884799219596,0.0021529927584825986,1.0038482664296446,1.0689645343609158,0.9467664803821401,0.9331666666666667,0.942,0.0,0.008333333333333333,0.041666666666666664,0.0375
