topology,param_name,param,n_fixed_points,n_stable,regime,domain
F1,k,0.5,1,1,single,B
F1,k,0.55,1,1,single,B
F1,k,0.6,1,1,single,B
F1,k,0.65,1,1,single,B
F1,k,0.7,1,1,single,B
F1,k,0.75,1,1,single,B
F1,k,0.8,1,1,single,B
F1,k,0.85,1,1,single,B
F1,k,0.9,1,1,single,B
F1,k,0.95,1,1,single,B
F1,k,1.0,1,1,single,B
F1,k,1.05,1,1,single,B
F1,k,1.1,1,1,single,B
F1,k,1.15,1,1,single,B
F1,k,1.2,1,1,single,B
F1,k,1.25,1,1,single,B
F1,k,1.3,1,1,single,B
F1,k,1.35,1,1,single,B
F1,k,1.4,1,1,single,B
F1,k,1.45,1,1,single,B
F1,k,1.5,1,1,single,B
F1,k,1.55,1,1,single,B
F1,k,1.6,1,1,single,B
F1,k,1.65,1,1,single,B
F1,k,1.7,1,1,single,B
F1,k,1.75,1,1,single,B
F1,k,1.8,1,1,single,B
F1,k,1.85,1,1,single,B
F1,k,1.9,1,1,single,B
F1,k,1.95,1,1,single,B
F1,k,2.0,1,1,single,B
F1,k,2.05,1,1,single,B
F1,k,2.1,1,1,single,B
F1,k,2.15,1,1,single,B
F1,k,2.2,1,1,single,B
F1,k,2.25,1,1,single,B
F1,k,2.3,1,1,single,B
F1,k,2.35,1,1,single,B
F1,k,2.4,3,2,multi,B
F1,k,2.45,3,2,multi,B
F1,k,2.5,3,2,multi,B
F1,k,2.55,3,2,multi,B
F1,k,2.6,3,2,multi,B
F1,k,2.65,3,2,multi,B
F1,k,2.7,3,2,multi,B
F1,k,2.75,3,2,multi,B
F1,k,2.8,3,2,multi,B
F1,k,2.85,3,2,multi,B
F1,k,2.9,3,2,multi,B
F1,k,2.95,3,2,multi,B
F1,k,3.0,3,2,multi,B
F1,k,3.05,3,2,multi,B
F1,k,3.1,3,2,multi,B
F1,k,3.15,3,2,multi,B
F1,k,3.2,3,2,multi,B
F1,k,3.25,3,2,multi,B
F1,k,3.3,3,2,multi,B
F1,k,3.35,3,2,multi,B
F1,k,3.4,3,2,multi,B
F1,k,3.45,3,2,multi,B
F1,k,3.5,3,2,multi,B
F1,k,3.55,3,2,multi,B
F1,k,3.6,3,2,multi,B
F1,k,3.65,3,2,multi,B
F1,k,3.7,3,2,multi,B
F1,k,3.75,3,2,multi,B
F1,k,3.8,3,2,multi,B
F1,k,3.85,3,2,multi,B
F1,k,3.9,3,2,multi,B
F1,k,3.95,3,2,multi,B
F1,k,4.0,3,2,multi,B
F1,k,4.05,3,2,multi,B
F1,k,4.1,3,2,multi,B
F1,k,4.15,3,2,multi,B
F1,k,4.2,3,2,multi,B
F1,k,4.25,3,2,multi,B
F1,k,4.3,3,2,multi,B
F1,k,4.35,3,2,multi,B
F1,k,4.4,3,2,multi,B
F1,k,4.45,3,2,multi,B
F1,k,4.5,3,2,multi,B
F1,k,4.55,3,2,multi,B
F1,k,4.6,3,2,multi,B
F1,k,4.65,3,2,multi,B
F1,k,4.7,3,2,multi,B
F1,k,4.75,3,2,multi,B
F1,k,4.8,3,2,multi,B
F1,k,4.85,3,2,multi,B
F1,k,4.9,3,2,multi,B
F1,k,4.95,3,2,multi,B
F1,k,5.0,3,2,multi,B
F1,k,5.05,3,2,multi,B
F1,k,5.1,3,2,multi,B
F1,k,5.15,3,2,multi,B
F1,k,5.2,3,2,multi,B
F1,k,5.25,3,2,multi,B
F1,k,5.3,3,2,multi,B
F1,k,5.35,3,2,multi,B
F1,k,5.4,3,2,multi,B
F1,k,5.45,3,2,multi,B
F1,k,5.5,3,2,multi,B
F1,k,5.55,3,2,multi,B
F1,k,5.6,3,2,multi,B
F1,k,5.65,3,2,multi,B
F1,k,5.7,3,2,multi,B
F1,k,5.75,3,2,multi,B
F1,k,5.8,3,2,multi,B
F1,k,5.85,3,2,multi,B
F1,k,5.9,3,2,multi,B
F1,k,5.95,3,2,multi,B
F1,k,6.0,3,2,multi,B
F1,k,6.05,3,2,multi,B
F1,k,6.1,3,2,multi,B
F1,k,6.15,3,2,multi,B
F1,k,6.2,3,2,multi,B
F1,k,6.25,3,2,multi,B
F1,k,6.3,3,2,multi,B
F1,k,6.35,3,2,multi,B
F1,k,6.4,3,2,multi,B
F1,k,6.45,3,2,multi,B
F1,k,6.5,3,2,multi,B
F1,k,6.55,3,2,multi,B
F1,k,6.6,3,2,multi,B
F1,k,6.65,3,2,multi,B
F1,k,6.7,3,2,multi,B
F1,k,6.75,3,2,multi,B
F1,k,6.8,3,2,multi,B
F1,k,6.85,3,2,multi,B
F1,k,6.9,3,2,multi,B
F1,k,6.95,3,2,multi,B
F1,k,7.0,3,2,multi,B
F1,k,7.05,3,2,multi,B
F1,k,7.1,3,2,multi,B
F1,k,7.15,3,2,multi,B
F1,k,7.2,3,2,multi,B
F1,k,7.25,3,2,multi,B
F1,k,7.3,3,2,multi,B
F1,k,7.35,3,2,multi,B
F1,k,7.4,3,2,multi,B
F1,k,7.45,3,2,multi,B
F1,k,7.5,3,2,multi,B
F1,k,7.55,3,2,multi,C
F1,k,7.6,3,2,multi,C
F1,k,7.65,3,2,multi,C
F1,k,7.7,3,2,multi,C
F1,k,7.75,3,2,multi,C
F1,k,7.8,3,2,multi,C
F1,k,7.85,3,2,multi,C
F1,k,7.9,3,2,multi,C
F1,k,7.95,3,2,multi,C
F1,k,8.0,3,2,multi,C
F1,k,8.05,3,2,multi,C
F1,k,8.1,3,2,multi,C
F1,k,8.15,3,2,multi,C
F1,k,8.2,3,2,multi,C
F1,k,8.25,3,2,multi,C
F1,k,8.3,3,2,multi,C
F1,k,8.35,3,2,multi,C
F1,k,8.4,3,2,multi,C
F1,k,8.45,3,2,multi,C
F1,k,8.5,3,2,multi,C
F1,k,8.55,3,2,multi,C
F1,k,8.6,3,2,multi,C
F1,k,8.65,3,2,multi,C
F1,k,8.7,3,2,multi,C
F1,k,8.75,3,2,multi,C
F1,k,8.8,3,2,multi,C
F1,k,8.85,3,2,multi,C
F1,k,8.9,3,2,multi,C
F1,k,8.95,3,2,multi,C
F1,k,9.0,3,2,multi,C
F1,k,9.05,3,2,multi,C
F1,k,9.1,3,2,multi,C
F1,k,9.15,3,2,multi,C
F1,k,9.2,3,2,multi,C
F1,k,9.25,3,2,multi,C
F1,k,9.3,3,2,multi,C
F1,k,9.35,3,2,multi,C
F1,k,9.4,3,2,multi,C
F1,k,9.45,3,2,multi,C
F1,k,9.5,3,2,multi,C
F1,k,9.55,3,2,multi,C
F1,k,9.6,3,2,multi,C
F1,k,9.65,3,2,multi,C
F1,k,9.7,3,2,multi,C
F1,k,9.75,3,2,multi,C
F1,k,9.8,3,2,multi,C
F1,k,9.85,3,2,multi,C
F1,k,9.9,3,2,multi,C
F1,k,9.95,3,2,multi,C
F1,k,10.0,3,2,multi,C
F3,k_inh,0.5,1,1,single,B
F3,k_inh,0.55,1,1,single,B
F3,k_inh,0.6,1,1,single,B
F3,k_inh,0.65,1,1,single,B
F3,k_inh,0.7,1,1,single,B
F3,k_inh,0.75,1,1,single,B
F3,k_inh,0.8,1,1,single,B
F3,k_inh,0.85,1,1,single,B
F3,k_inh,0.9,1,1,single,B
F3,k_inh,0.95,1,1,single,B
F3,k_inh,1.0,1,1,single,B
F3,k_inh,1.05,1,1,single,B
F3,k_inh,1.1,1,1,single,B
F3,k_inh,1.15,1,1,single,B
F3,k_inh,1.2,1,1,single,B
F3,k_inh,1.25,1,1,single,B
F3,k_inh,1.3,1,1,single,B
F3,k_inh,1.35,1,1,single,B
F3,k_inh,1.4,1,1,single,B
F3,k_inh,1.45,1,1,single,B
F3,k_inh,1.5,1,1,single,B
F3,k_inh,1.55,1,1,single,B
F3,k_inh,1.6,1,1,single,B
F3,k_inh,1.65,1,1,single,B
F3,k_inh,1.7,1,1,single,B
F3,k_inh,1.75,1,1,single,B
F3,k_inh,1.8,1,1,single,B
F3,k_inh,1.85,1,1,single,B
F3,k_inh,1.9,1,1,single,B
F3,k_inh,1.95,1,1,single,B
F3,k_inh,2.0,1,1,single,B
F3,k_inh,2.05,1,1,single,B
F3,k_inh,2.1,1,1,single,B
F3,k_inh,2.15,1,1,single,B
F3,k_inh,2.2,1,1,single,B
F3,k_inh,2.25,1,1,single,B
F3,k_inh,2.3,1,1,single,B
F3,k_inh,2.35,1,1,single,B
F3,k_inh,2.4,1,1,single,B
F3,k_inh,2.45,1,1,single,B
F3,k_inh,2.5,3,2,multi(winner×2),B
F3,k_inh,2.55,3,2,multi(winner×2),B
F3,k_inh,2.6,3,2,multi(winner×2),B
F3,k_inh,2.65,3,2,multi(winner×2),B
F3,k_inh,2.7,3,2,multi(winner×2),B
F3,k_inh,2.75,3,2,multi(winner×2),B
F3,k_inh,2.8,3,2,multi(winner×2),B
F3,k_inh,2.85,3,2,multi(winner×2),B
F3,k_inh,2.9,3,2,multi(winner×2),B
F3,k_inh,2.95,3,2,multi(winner×2),B
F3,k_inh,3.0,3,2,multi(winner×2),B
F3,k_inh,3.05,3,2,multi(winner×2),B
F3,k_inh,3.1,3,2,multi(winner×2),B
F3,k_inh,3.15,3,2,multi(winner×2),B
F3,k_inh,3.2,3,2,multi(winner×2),B
F3,k_inh,3.25,3,2,multi(winner×2),B
F3,k_inh,3.3,3,2,multi(winner×2),B
F3,k_inh,3.35,3,2,multi(winner×2),B
F3,k_inh,3.4,3,2,multi(winner×2),B
F3,k_inh,3.45,3,2,multi(winner×2),B
F3,k_inh,3.5,3,2,multi(winner×2),B
F3,k_inh,3.55,3,2,multi(winner×2),B
F3,k_inh,3.6,3,2,multi(winner×2),B
F3,k_inh,3.65,3,2,multi(winner×2),B
F3,k_inh,3.7,3,2,multi(winner×2),B
F3,k_inh,3.75,3,2,multi(winner×2),B
F3,k_inh,3.8,3,2,multi(winner×2),B
F3,k_inh,3.85,3,2,multi(winner×2),B
F3,k_inh,3.9,3,2,multi(winner×2),B
F3,k_inh,3.95,3,2,multi(winner×2),B
F3,k_inh,4.0,3,2,multi(winner×2),B
F3,k_inh,4.05,3,2,multi(winner×2),B
F3,k_inh,4.1,3,2,multi(winner×2),B
F3,k_inh,4.15,3,2,multi(winner×2),B
F3,k_inh,4.2,3,2,multi(winner×2),B
F3,k_inh,4.25,3,2,multi(winner×2),B
F3,k_inh,4.3,3,2,multi(winner×2),B
F3,k_inh,4.35,3,2,multi(winner×2),B
F3,k_inh,4.4,3,2,multi(winner×2),B
F3,k_inh,4.45,3,2,multi(winner×2),B
F3,k_inh,4.5,3,2,multi(winner×2),B
F3,k_inh,4.55,3,2,multi(winner×2),B
F3,k_inh,4.6,3,2,multi(winner×2),B
F3,k_inh,4.65,3,2,multi(winner×2),B
F3,k_inh,4.7,3,2,multi(winner×2),B
F3,k_inh,4.75,3,2,multi(winner×2),B
F3,k_inh,4.8,3,2,multi(winner×2),B
F3,k_inh,4.85,3,2,multi(winner×2),B
F3,k_inh,4.9,3,2,multi(winner×2),B
F3,k_inh,4.95,3,2,multi(winner×2),B
F3,k_inh,5.0,3,2,multi(winner×2),B
