traj,parent,occurrence_id,lineage_uid,n_parent_uids,t_up,t_down,t_rearm,t_up_s,t_down_s,t_rearm_s,raw_track_ref
cal_C0_A,A,occ.thermal:thermpt28_warm#e1,occ.thermal:thermpt28_warm,1,1521,1660,2160,1.5210000000000001,1.6600000000000001,2.16,research/d2_relation_v0/data/parent_traces/cal_C0_A.csv
cal_C1_B,B,occ.thermal:thermpt31_warm#e1,occ.thermal:thermpt31_warm,1,1529,1668,2168,1.5290000000000001,1.668,2.168,research/d2_relation_v0/data/parent_traces/cal_C1_B.csv
cal_C2_sim,A,occ.thermal:thermpt28_warm#e1,occ.thermal:thermpt28_warm,1,1521,1660,2160,1.5210000000000001,1.6600000000000001,2.16,research/d2_relation_v0/data/parent_traces/cal_C2_sim.csv
cal_C2_sim,B,occ.thermal:thermpt31_warm#e1,occ.thermal:thermpt31_warm,1,1529,1668,2168,1.5290000000000001,1.668,2.168,research/d2_relation_v0/data/parent_traces/cal_C2_sim.csv
cal_C3_s,A,occ.thermal:thermpt28_warm#e1,occ.thermal:thermpt28_warm,1,1521,1660,2160,1.5210000000000001,1.6600000000000001,2.16,research/d2_relation_v0/data/parent_traces/cal_C3_s.csv
cal_C3_s,B,occ.thermal:thermpt31_warm#e1,occ.thermal:thermpt31_warm,1,1730,1869,2369,1.73,1.869,2.369,research/d2_relation_v0/data/parent_traces/cal_C3_s.csv
cal_C3_m,A,occ.thermal:thermpt28_warm#e1,occ.thermal:thermpt28_warm,1,1521,1660,2160,1.5210000000000001,1.6600000000000001,2.16,research/d2_relation_v0/data/parent_traces/cal_C3_m.csv
cal_C3_m,B,occ.thermal:thermpt31_warm#e1,occ.thermal:thermpt31_warm,1,2127,2266,2766,2.1270000000000002,2.266,2.766,research/d2_relation_v0/data/parent_traces/cal_C3_m.csv
cal_C3_l,A,occ.thermal:thermpt28_warm#e1,occ.thermal:thermpt28_warm,1,1521,1660,2160,1.5210000000000001,1.6600000000000001,2.16,research/d2_relation_v0/data/parent_traces/cal_C3_l.csv
cal_C3_l,B,occ.thermal:thermpt31_warm#e1,occ.thermal:thermpt31_warm,1,3038,3177,3677,3.0380000000000003,3.177,3.677,research/d2_relation_v0/data/parent_traces/cal_C3_l.csv
cal_C4_s,A,occ.thermal:thermpt28_warm#e1,occ.thermal:thermpt28_warm,1,1722,1861,2361,1.722,1.861,2.361,research/d2_relation_v0/data/parent_traces/cal_C4_s.csv
cal_C4_s,B,occ.thermal:thermpt31_warm#e1,occ.thermal:thermpt31_warm,1,1529,1668,2168,1.5290000000000001,1.668,2.168,research/d2_relation_v0/data/parent_traces/cal_C4_s.csv
cal_C4_m,A,occ.thermal:thermpt28_warm#e1,occ.thermal:thermpt28_warm,1,2119,2258,2758,2.119,2.258,2.758,research/d2_relation_v0/data/parent_traces/cal_C4_m.csv
cal_C4_m,B,occ.thermal:thermpt31_warm#e1,occ.thermal:thermpt31_warm,1,1529,1668,2168,1.5290000000000001,1.668,2.168,research/d2_relation_v0/data/parent_traces/cal_C4_m.csv
cal_C4_l,A,occ.thermal:thermpt28_warm#e1,occ.thermal:thermpt28_warm,1,3028,3167,3667,3.028,3.1670000000000003,3.6670000000000003,research/d2_relation_v0/data/parent_traces/cal_C4_l.csv
cal_C4_l,B,occ.thermal:thermpt31_warm#e1,occ.thermal:thermpt31_warm,1,1529,1668,2168,1.5290000000000001,1.668,2.168,research/d2_relation_v0/data/parent_traces/cal_C4_l.csv
cal_C5_weak,A,occ.thermal:thermpt28_warm#e1,occ.thermal:thermpt28_warm,1,1521,1660,2160,1.5210000000000001,1.6600000000000001,2.16,research/d2_relation_v0/data/parent_traces/cal_C5_weak.csv
cal_C5_weak,B,occ.thermal:thermpt31_warm#e1,occ.thermal:thermpt31_warm,1,1980,2119,2619,1.98,2.119,2.619,research/d2_relation_v0/data/parent_traces/cal_C5_weak.csv
cal_C5_strong,A,occ.thermal:thermpt28_warm#e1,occ.thermal:thermpt28_warm,1,1521,1660,2160,1.5210000000000001,1.6600000000000001,2.16,research/d2_relation_v0/data/parent_traces/cal_C5_strong.csv
cal_C5_strong,B,occ.thermal:thermpt31_warm#e1,occ.thermal:thermpt31_warm,1,1680,1819,2319,1.68,1.819,2.319,research/d2_relation_v0/data/parent_traces/cal_C5_strong.csv
hold_delay1,A,occ.thermal:thermpt28_warm#e1,occ.thermal:thermpt28_warm,1,1521,1660,2160,1.5210000000000001,1.6600000000000001,2.16,research/d2_relation_v0/data/parent_traces/hold_delay1.csv
hold_delay1,B,occ.thermal:thermpt31_warm#e1,occ.thermal:thermpt31_warm,1,1932,2071,2571,1.932,2.071,2.571,research/d2_relation_v0/data/parent_traces/hold_delay1.csv
hold_delay2,A,occ.thermal:thermpt28_warm#e1,occ.thermal:thermpt28_warm,1,1521,1660,2160,1.5210000000000001,1.6600000000000001,2.16,research/d2_relation_v0/data/parent_traces/hold_delay2.csv
hold_delay2,B,occ.thermal:thermpt31_warm#e1,occ.thermal:thermpt31_warm,1,2526,2665,3165,2.5260000000000002,2.665,3.165,research/d2_relation_v0/data/parent_traces/hold_delay2.csv
hold_dur2,A,occ.thermal:thermpt28_warm#e1,occ.thermal:thermpt28_warm,1,1521,1660,2160,1.5210000000000001,1.6600000000000001,2.16,research/d2_relation_v0/data/parent_traces/hold_dur2.csv
hold_dur2,B,occ.thermal:thermpt31_warm#e1,occ.thermal:thermpt31_warm,1,2127,2266,2766,2.1270000000000002,2.266,2.766,research/d2_relation_v0/data/parent_traces/hold_dur2.csv
hold_dose2,A,occ.thermal:thermpt28_warm#e1,occ.thermal:thermpt28_warm,1,1472,1611,2111,1.472,1.611,2.111,research/d2_relation_v0/data/parent_traces/hold_dose2.csv
hold_dose2,B,occ.thermal:thermpt31_warm#e1,occ.thermal:thermpt31_warm,1,2077,2216,2716,2.077,2.216,2.716,research/d2_relation_v0/data/parent_traces/hold_dose2.csv
hold_hist1,A,occ.thermal:thermpt28_warm#e2,occ.thermal:thermpt28_warm,1,3000,3085,3585,3.0,3.085,3.585,research/d2_relation_v0/data/parent_traces/hold_hist1.csv
hold_hist1,B,occ.thermal:thermpt31_warm#e1,occ.thermal:thermpt31_warm,1,4166,4305,4805,4.166,4.305,4.805,research/d2_relation_v0/data/parent_traces/hold_hist1.csv
hold_hist2,A,occ.thermal:thermpt28_warm#e1,occ.thermal:thermpt28_warm,1,3538,3677,4177,3.5380000000000003,3.677,4.1770000000000005,research/d2_relation_v0/data/parent_traces/hold_hist2.csv
hold_hist2,B,occ.thermal:thermpt31_warm#e1,occ.thermal:thermpt31_warm,1,4166,4305,4805,4.166,4.305,4.805,research/d2_relation_v0/data/parent_traces/hold_hist2.csv
atk_replaceB,A,occ.thermal:thermpt28_warm#e1,occ.thermal:thermpt28_warm,1,1521,1660,2160,1.5210000000000001,1.6600000000000001,2.16,research/d2_relation_v0/data/parent_traces/atk_replaceB.csv
atk_replaceB,C,occ.thermal:thermpt23_warm#e1,occ.thermal:thermpt23_warm,1,2120,2259,2759,2.12,2.259,2.759,research/d2_relation_v0/data/parent_traces/atk_replaceB.csv
atk_CtoA,A,occ.thermal:thermpt28_warm#e1,occ.thermal:thermpt28_warm,1,2119,2258,2758,2.119,2.258,2.758,research/d2_relation_v0/data/parent_traces/atk_CtoA.csv
atk_CtoA,C,occ.thermal:thermpt23_warm#e1,occ.thermal:thermpt23_warm,1,1522,1661,2161,1.522,1.661,2.161,research/d2_relation_v0/data/parent_traces/atk_CtoA.csv
