episode,theta_up,rearm,occ,triggered,ok
cal_K1a,0.005,0,1,True,True
cal_K1b,0.005,0,1,True,True
cal_K2a,0.005,0,1,True,True
cal_K2b,0.005,0,1,True,True
cal_K3a,0.005,0,1,True,True
cal_K3b,0.005,0,1,True,True
cal_K4a,0.005,0,1,True,True
cal_K4b,0.005,0,1,True,True
cal_K5a,0.005,0,1,True,True
cal_K5b,0.005,0,1,True,True
cal_K6a,0.005,0,1,True,True
cal_K6b,0.005,0,1,True,True
cal_K7a,0.005,0,1,True,True
cal_K7b,0.005,0,1,True,True
cal_K8a,0.005,0,2,True,True
cal_K8b,0.005,0,2,True,True
cal_K1a,0.005,200,1,True,True
cal_K1b,0.005,200,1,True,True
cal_K2a,0.005,200,1,True,True
cal_K2b,0.005,200,1,True,True
cal_K3a,0.005,200,1,True,True
cal_K3b,0.005,200,1,True,True
cal_K4a,0.005,200,1,True,True
cal_K4b,0.005,200,1,True,True
cal_K5a,0.005,200,1,True,True
cal_K5b,0.005,200,1,True,True
cal_K6a,0.005,200,1,True,True
cal_K6b,0.005,200,1,True,True
cal_K7a,0.005,200,1,True,True
cal_K7b,0.005,200,1,True,True
cal_K8a,0.005,200,2,True,True
cal_K8b,0.005,200,2,True,True
cal_K1a,0.005,500,1,True,True
cal_K1b,0.005,500,1,True,True
cal_K2a,0.005,500,1,True,True
cal_K2b,0.005,500,1,True,True
cal_K3a,0.005,500,1,True,True
cal_K3b,0.005,500,1,True,True
cal_K4a,0.005,500,1,True,True
cal_K4b,0.005,500,1,True,True
cal_K5a,0.005,500,1,True,True
cal_K5b,0.005,500,1,True,True
cal_K6a,0.005,500,1,True,True
cal_K6b,0.005,500,1,True,True
cal_K7a,0.005,500,1,True,True
cal_K7b,0.005,500,1,True,True
cal_K8a,0.005,500,2,True,True
cal_K8b,0.005,500,2,True,True
cal_K1a,0.005,1000,1,True,True
cal_K1b,0.005,1000,1,True,True
cal_K2a,0.005,1000,1,True,True
cal_K2b,0.005,1000,1,True,True
cal_K3a,0.005,1000,1,True,True
cal_K3b,0.005,1000,1,True,True
cal_K4a,0.005,1000,1,True,True
cal_K4b,0.005,1000,1,True,True
cal_K5a,0.005,1000,1,True,True
cal_K5b,0.005,1000,1,True,True
cal_K6a,0.005,1000,1,True,True
cal_K6b,0.005,1000,1,True,True
cal_K7a,0.005,1000,1,True,True
cal_K7b,0.005,1000,1,True,True
cal_K8a,0.005,1000,2,True,True
cal_K8b,0.005,1000,2,True,True
cal_K1a,0.005,2000,1,True,True
cal_K1b,0.005,2000,1,True,True
cal_K2a,0.005,2000,1,True,True
cal_K2b,0.005,2000,1,True,True
cal_K3a,0.005,2000,1,True,True
cal_K3b,0.005,2000,1,True,True
cal_K4a,0.005,2000,1,True,True
cal_K4b,0.005,2000,1,True,True
cal_K5a,0.005,2000,1,True,True
cal_K5b,0.005,2000,1,True,True
cal_K6a,0.005,2000,1,True,True
cal_K6b,0.005,2000,1,True,True
cal_K7a,0.005,2000,1,True,True
cal_K7b,0.005,2000,1,True,True
cal_K8a,0.005,2000,2,True,True
cal_K8b,0.005,2000,2,True,True
cal_K1a,0.005,10000,1,True,True
cal_K1b,0.005,10000,1,True,True
cal_K2a,0.005,10000,1,True,True
cal_K2b,0.005,10000,1,True,True
cal_K3a,0.005,10000,1,True,True
cal_K3b,0.005,10000,1,True,True
cal_K4a,0.005,10000,1,True,True
cal_K4b,0.005,10000,1,True,True
cal_K5a,0.005,10000,1,True,True
cal_K5b,0.005,10000,1,True,True
cal_K6a,0.005,10000,1,True,True
cal_K6b,0.005,10000,1,True,True
cal_K7a,0.005,10000,1,True,True
cal_K7b,0.005,10000,1,True,True
cal_K8a,0.005,10000,2,True,True
cal_K8b,0.005,10000,2,True,True
cal_K1a,0.005,25000,1,True,True
cal_K1b,0.005,25000,1,True,True
cal_K2a,0.005,25000,1,True,True
cal_K2b,0.005,25000,1,True,True
cal_K3a,0.005,25000,1,True,True
cal_K3b,0.005,25000,1,True,True
cal_K4a,0.005,25000,1,True,True
cal_K4b,0.005,25000,1,True,True
cal_K5a,0.005,25000,1,True,True
cal_K5b,0.005,25000,0,True,True
cal_K6a,0.005,25000,1,True,True
cal_K6b,0.005,25000,1,True,True
cal_K7a,0.005,25000,1,True,True
cal_K7b,0.005,25000,1,True,True
cal_K8a,0.005,25000,2,True,True
cal_K8b,0.005,25000,1,True,False
cal_K1a,0.005,40000,1,True,True
cal_K1b,0.005,40000,1,True,True
cal_K2a,0.005,40000,1,True,True
cal_K2b,0.005,40000,1,True,True
cal_K3a,0.005,40000,1,True,True
cal_K3b,0.005,40000,1,True,True
cal_K4a,0.005,40000,1,True,True
cal_K4b,0.005,40000,1,True,True
cal_K5a,0.005,40000,0,True,True
cal_K5b,0.005,40000,0,True,True
cal_K6a,0.005,40000,1,True,True
cal_K6b,0.005,40000,1,True,True
cal_K7a,0.005,40000,1,True,True
cal_K7b,0.005,40000,1,True,True
cal_K8a,0.005,40000,1,True,False
cal_K8b,0.005,40000,1,True,False
cal_K1a,0.01,0,1,True,True
cal_K1b,0.01,0,1,True,True
cal_K2a,0.01,0,1,True,True
cal_K2b,0.01,0,1,True,True
cal_K3a,0.01,0,1,True,True
cal_K3b,0.01,0,1,True,True
cal_K4a,0.01,0,1,True,True
cal_K4b,0.01,0,1,True,True
cal_K5a,0.01,0,1,True,True
cal_K5b,0.01,0,1,True,True
cal_K6a,0.01,0,1,True,True
cal_K6b,0.01,0,1,True,True
cal_K7a,0.01,0,1,True,True
cal_K7b,0.01,0,1,True,True
cal_K8a,0.01,0,2,True,True
cal_K8b,0.01,0,2,True,True
cal_K1a,0.01,200,1,True,True
cal_K1b,0.01,200,1,True,True
cal_K2a,0.01,200,1,True,True
cal_K2b,0.01,200,1,True,True
cal_K3a,0.01,200,1,True,True
cal_K3b,0.01,200,1,True,True
cal_K4a,0.01,200,1,True,True
cal_K4b,0.01,200,1,True,True
cal_K5a,0.01,200,1,True,True
cal_K5b,0.01,200,1,True,True
cal_K6a,0.01,200,1,True,True
cal_K6b,0.01,200,1,True,True
cal_K7a,0.01,200,1,True,True
cal_K7b,0.01,200,1,True,True
cal_K8a,0.01,200,2,True,True
cal_K8b,0.01,200,2,True,True
cal_K1a,0.01,500,1,True,True
cal_K1b,0.01,500,1,True,True
cal_K2a,0.01,500,1,True,True
cal_K2b,0.01,500,1,True,True
cal_K3a,0.01,500,1,True,True
cal_K3b,0.01,500,1,True,True
cal_K4a,0.01,500,1,True,True
cal_K4b,0.01,500,1,True,True
cal_K5a,0.01,500,1,True,True
cal_K5b,0.01,500,1,True,True
cal_K6a,0.01,500,1,True,True
cal_K6b,0.01,500,1,True,True
cal_K7a,0.01,500,1,True,True
cal_K7b,0.01,500,1,True,True
cal_K8a,0.01,500,2,True,True
cal_K8b,0.01,500,2,True,True
cal_K1a,0.01,1000,1,True,True
cal_K1b,0.01,1000,1,True,True
cal_K2a,0.01,1000,1,True,True
cal_K2b,0.01,1000,1,True,True
cal_K3a,0.01,1000,1,True,True
cal_K3b,0.01,1000,1,True,True
cal_K4a,0.01,1000,1,True,True
cal_K4b,0.01,1000,1,True,True
cal_K5a,0.01,1000,1,True,True
cal_K5b,0.01,1000,1,True,True
cal_K6a,0.01,1000,1,True,True
cal_K6b,0.01,1000,1,True,True
cal_K7a,0.01,1000,1,True,True
cal_K7b,0.01,1000,1,True,True
cal_K8a,0.01,1000,2,True,True
cal_K8b,0.01,1000,2,True,True
cal_K1a,0.01,2000,1,True,True
cal_K1b,0.01,2000,1,True,True
cal_K2a,0.01,2000,1,True,True
cal_K2b,0.01,2000,1,True,True
cal_K3a,0.01,2000,1,True,True
cal_K3b,0.01,2000,1,True,True
cal_K4a,0.01,2000,1,True,True
cal_K4b,0.01,2000,1,True,True
cal_K5a,0.01,2000,1,True,True
cal_K5b,0.01,2000,1,True,True
cal_K6a,0.01,2000,1,True,True
cal_K6b,0.01,2000,1,True,True
cal_K7a,0.01,2000,1,True,True
cal_K7b,0.01,2000,1,True,True
cal_K8a,0.01,2000,2,True,True
cal_K8b,0.01,2000,2,True,True
cal_K1a,0.01,10000,1,True,True
cal_K1b,0.01,10000,1,True,True
cal_K2a,0.01,10000,1,True,True
cal_K2b,0.01,10000,1,True,True
cal_K3a,0.01,10000,1,True,True
cal_K3b,0.01,10000,1,True,True
cal_K4a,0.01,10000,1,True,True
cal_K4b,0.01,10000,1,True,True
cal_K5a,0.01,10000,1,True,True
cal_K5b,0.01,10000,1,True,True
cal_K6a,0.01,10000,1,True,True
cal_K6b,0.01,10000,1,True,True
cal_K7a,0.01,10000,1,True,True
cal_K7b,0.01,10000,1,True,True
cal_K8a,0.01,10000,2,True,True
cal_K8b,0.01,10000,2,True,True
cal_K1a,0.01,25000,1,True,True
cal_K1b,0.01,25000,1,True,True
cal_K2a,0.01,25000,1,True,True
cal_K2b,0.01,25000,1,True,True
cal_K3a,0.01,25000,1,True,True
cal_K3b,0.01,25000,1,True,True
cal_K4a,0.01,25000,1,True,True
cal_K4b,0.01,25000,1,True,True
cal_K5a,0.01,25000,1,True,True
cal_K5b,0.01,25000,0,True,True
cal_K6a,0.01,25000,1,True,True
cal_K6b,0.01,25000,1,True,True
cal_K7a,0.01,25000,1,True,True
cal_K7b,0.01,25000,1,True,True
cal_K8a,0.01,25000,2,True,True
cal_K8b,0.01,25000,1,True,False
cal_K1a,0.01,40000,1,True,True
cal_K1b,0.01,40000,1,True,True
cal_K2a,0.01,40000,1,True,True
cal_K2b,0.01,40000,1,True,True
cal_K3a,0.01,40000,1,True,True
cal_K3b,0.01,40000,1,True,True
cal_K4a,0.01,40000,1,True,True
cal_K4b,0.01,40000,1,True,True
cal_K5a,0.01,40000,0,True,True
cal_K5b,0.01,40000,0,True,True
cal_K6a,0.01,40000,1,True,True
cal_K6b,0.01,40000,1,True,True
cal_K7a,0.01,40000,1,True,True
cal_K7b,0.01,40000,1,True,True
cal_K8a,0.01,40000,1,True,False
cal_K8b,0.01,40000,1,True,False
cal_K1a,0.02,0,1,True,True
cal_K1b,0.02,0,1,True,True
cal_K2a,0.02,0,1,True,True
cal_K2b,0.02,0,1,True,True
cal_K3a,0.02,0,1,True,True
cal_K3b,0.02,0,1,True,True
cal_K4a,0.02,0,1,True,True
cal_K4b,0.02,0,1,True,True
cal_K5a,0.02,0,1,True,True
cal_K5b,0.02,0,1,True,True
cal_K6a,0.02,0,1,True,True
cal_K6b,0.02,0,1,True,True
cal_K7a,0.02,0,1,True,True
cal_K7b,0.02,0,1,True,True
cal_K8a,0.02,0,2,True,True
cal_K8b,0.02,0,2,True,True
cal_K1a,0.02,200,1,True,True
cal_K1b,0.02,200,1,True,True
cal_K2a,0.02,200,1,True,True
cal_K2b,0.02,200,1,True,True
cal_K3a,0.02,200,1,True,True
cal_K3b,0.02,200,1,True,True
cal_K4a,0.02,200,1,True,True
cal_K4b,0.02,200,1,True,True
cal_K5a,0.02,200,1,True,True
cal_K5b,0.02,200,1,True,True
cal_K6a,0.02,200,1,True,True
cal_K6b,0.02,200,1,True,True
cal_K7a,0.02,200,1,True,True
cal_K7b,0.02,200,1,True,True
cal_K8a,0.02,200,2,True,True
cal_K8b,0.02,200,2,True,True
cal_K1a,0.02,500,1,True,True
cal_K1b,0.02,500,1,True,True
cal_K2a,0.02,500,1,True,True
cal_K2b,0.02,500,1,True,True
cal_K3a,0.02,500,1,True,True
cal_K3b,0.02,500,1,True,True
cal_K4a,0.02,500,1,True,True
cal_K4b,0.02,500,1,True,True
cal_K5a,0.02,500,1,True,True
cal_K5b,0.02,500,1,True,True
cal_K6a,0.02,500,1,True,True
cal_K6b,0.02,500,1,True,True
cal_K7a,0.02,500,1,True,True
cal_K7b,0.02,500,1,True,True
cal_K8a,0.02,500,2,True,True
cal_K8b,0.02,500,2,True,True
cal_K1a,0.02,1000,1,True,True
cal_K1b,0.02,1000,1,True,True
cal_K2a,0.02,1000,1,True,True
cal_K2b,0.02,1000,1,True,True
cal_K3a,0.02,1000,1,True,True
cal_K3b,0.02,1000,1,True,True
cal_K4a,0.02,1000,1,True,True
cal_K4b,0.02,1000,1,True,True
cal_K5a,0.02,1000,1,True,True
cal_K5b,0.02,1000,1,True,True
cal_K6a,0.02,1000,1,True,True
cal_K6b,0.02,1000,1,True,True
cal_K7a,0.02,1000,1,True,True
cal_K7b,0.02,1000,1,True,True
cal_K8a,0.02,1000,2,True,True
cal_K8b,0.02,1000,2,True,True
cal_K1a,0.02,2000,1,True,True
cal_K1b,0.02,2000,1,True,True
cal_K2a,0.02,2000,1,True,True
cal_K2b,0.02,2000,1,True,True
cal_K3a,0.02,2000,1,True,True
cal_K3b,0.02,2000,1,True,True
cal_K4a,0.02,2000,1,True,True
cal_K4b,0.02,2000,1,True,True
cal_K5a,0.02,2000,1,True,True
cal_K5b,0.02,2000,1,True,True
cal_K6a,0.02,2000,1,True,True
cal_K6b,0.02,2000,1,True,True
cal_K7a,0.02,2000,1,True,True
cal_K7b,0.02,2000,1,True,True
cal_K8a,0.02,2000,2,True,True
cal_K8b,0.02,2000,2,True,True
cal_K1a,0.02,10000,1,True,True
cal_K1b,0.02,10000,1,True,True
cal_K2a,0.02,10000,1,True,True
cal_K2b,0.02,10000,1,True,True
cal_K3a,0.02,10000,1,True,True
cal_K3b,0.02,10000,1,True,True
cal_K4a,0.02,10000,1,True,True
cal_K4b,0.02,10000,1,True,True
cal_K5a,0.02,10000,1,True,True
cal_K5b,0.02,10000,1,True,True
cal_K6a,0.02,10000,1,True,True
cal_K6b,0.02,10000,1,True,True
cal_K7a,0.02,10000,1,True,True
cal_K7b,0.02,10000,1,True,True
cal_K8a,0.02,10000,2,True,True
cal_K8b,0.02,10000,2,True,True
cal_K1a,0.02,25000,1,True,True
cal_K1b,0.02,25000,1,True,True
cal_K2a,0.02,25000,1,True,True
cal_K2b,0.02,25000,1,True,True
cal_K3a,0.02,25000,1,True,True
cal_K3b,0.02,25000,1,True,True
cal_K4a,0.02,25000,1,True,True
cal_K4b,0.02,25000,1,True,True
cal_K5a,0.02,25000,1,True,True
cal_K5b,0.02,25000,0,True,True
cal_K6a,0.02,25000,1,True,True
cal_K6b,0.02,25000,1,True,True
cal_K7a,0.02,25000,1,True,True
cal_K7b,0.02,25000,1,True,True
cal_K8a,0.02,25000,2,True,True
cal_K8b,0.02,25000,1,True,False
cal_K1a,0.02,40000,1,True,True
cal_K1b,0.02,40000,1,True,True
cal_K2a,0.02,40000,1,True,True
cal_K2b,0.02,40000,1,True,True
cal_K3a,0.02,40000,1,True,True
cal_K3b,0.02,40000,1,True,True
cal_K4a,0.02,40000,1,True,True
cal_K4b,0.02,40000,1,True,True
cal_K5a,0.02,40000,0,True,True
cal_K5b,0.02,40000,0,True,True
cal_K6a,0.02,40000,1,True,True
cal_K6b,0.02,40000,1,True,True
cal_K7a,0.02,40000,1,True,True
cal_K7b,0.02,40000,1,True,True
cal_K8a,0.02,40000,1,True,False
cal_K8b,0.02,40000,1,True,False
cal_K1a,0.05,0,1,True,True
cal_K1b,0.05,0,1,True,True
cal_K2a,0.05,0,1,True,True
cal_K2b,0.05,0,1,True,True
cal_K3a,0.05,0,1,True,True
cal_K3b,0.05,0,1,True,True
cal_K4a,0.05,0,1,True,True
cal_K4b,0.05,0,1,True,True
cal_K5a,0.05,0,1,True,True
cal_K5b,0.05,0,1,True,True
cal_K6a,0.05,0,1,True,True
cal_K6b,0.05,0,1,True,True
cal_K7a,0.05,0,1,True,True
cal_K7b,0.05,0,1,True,True
cal_K8a,0.05,0,2,True,True
cal_K8b,0.05,0,2,True,True
cal_K1a,0.05,200,1,True,True
cal_K1b,0.05,200,1,True,True
cal_K2a,0.05,200,1,True,True
cal_K2b,0.05,200,1,True,True
cal_K3a,0.05,200,1,True,True
cal_K3b,0.05,200,1,True,True
cal_K4a,0.05,200,1,True,True
cal_K4b,0.05,200,1,True,True
cal_K5a,0.05,200,1,True,True
cal_K5b,0.05,200,1,True,True
cal_K6a,0.05,200,1,True,True
cal_K6b,0.05,200,1,True,True
cal_K7a,0.05,200,1,True,True
cal_K7b,0.05,200,1,True,True
cal_K8a,0.05,200,2,True,True
cal_K8b,0.05,200,2,True,True
cal_K1a,0.05,500,1,True,True
cal_K1b,0.05,500,1,True,True
cal_K2a,0.05,500,1,True,True
cal_K2b,0.05,500,1,True,True
cal_K3a,0.05,500,1,True,True
cal_K3b,0.05,500,1,True,True
cal_K4a,0.05,500,1,True,True
cal_K4b,0.05,500,1,True,True
cal_K5a,0.05,500,1,True,True
cal_K5b,0.05,500,1,True,True
cal_K6a,0.05,500,1,True,True
cal_K6b,0.05,500,1,True,True
cal_K7a,0.05,500,1,True,True
cal_K7b,0.05,500,1,True,True
cal_K8a,0.05,500,2,True,True
cal_K8b,0.05,500,2,True,True
cal_K1a,0.05,1000,1,True,True
cal_K1b,0.05,1000,1,True,True
cal_K2a,0.05,1000,1,True,True
cal_K2b,0.05,1000,1,True,True
cal_K3a,0.05,1000,1,True,True
cal_K3b,0.05,1000,1,True,True
cal_K4a,0.05,1000,1,True,True
cal_K4b,0.05,1000,1,True,True
cal_K5a,0.05,1000,1,True,True
cal_K5b,0.05,1000,1,True,True
cal_K6a,0.05,1000,1,True,True
cal_K6b,0.05,1000,1,True,True
cal_K7a,0.05,1000,1,True,True
cal_K7b,0.05,1000,1,True,True
cal_K8a,0.05,1000,2,True,True
cal_K8b,0.05,1000,2,True,True
cal_K1a,0.05,2000,1,True,True
cal_K1b,0.05,2000,1,True,True
cal_K2a,0.05,2000,1,True,True
cal_K2b,0.05,2000,1,True,True
cal_K3a,0.05,2000,1,True,True
cal_K3b,0.05,2000,1,True,True
cal_K4a,0.05,2000,1,True,True
cal_K4b,0.05,2000,1,True,True
cal_K5a,0.05,2000,1,True,True
cal_K5b,0.05,2000,1,True,True
cal_K6a,0.05,2000,1,True,True
cal_K6b,0.05,2000,1,True,True
cal_K7a,0.05,2000,1,True,True
cal_K7b,0.05,2000,1,True,True
cal_K8a,0.05,2000,2,True,True
cal_K8b,0.05,2000,2,True,True
cal_K1a,0.05,10000,1,True,True
cal_K1b,0.05,10000,1,True,True
cal_K2a,0.05,10000,1,True,True
cal_K2b,0.05,10000,1,True,True
cal_K3a,0.05,10000,1,True,True
cal_K3b,0.05,10000,1,True,True
cal_K4a,0.05,10000,1,True,True
cal_K4b,0.05,10000,1,True,True
cal_K5a,0.05,10000,1,True,True
cal_K5b,0.05,10000,1,True,True
cal_K6a,0.05,10000,1,True,True
cal_K6b,0.05,10000,1,True,True
cal_K7a,0.05,10000,1,True,True
cal_K7b,0.05,10000,1,True,True
cal_K8a,0.05,10000,2,True,True
cal_K8b,0.05,10000,2,True,True
cal_K1a,0.05,25000,1,True,True
cal_K1b,0.05,25000,1,True,True
cal_K2a,0.05,25000,1,True,True
cal_K2b,0.05,25000,1,True,True
cal_K3a,0.05,25000,1,True,True
cal_K3b,0.05,25000,1,True,True
cal_K4a,0.05,25000,1,True,True
cal_K4b,0.05,25000,1,True,True
cal_K5a,0.05,25000,1,True,True
cal_K5b,0.05,25000,0,True,True
cal_K6a,0.05,25000,1,True,True
cal_K6b,0.05,25000,1,True,True
cal_K7a,0.05,25000,1,True,True
cal_K7b,0.05,25000,1,True,True
cal_K8a,0.05,25000,2,True,True
cal_K8b,0.05,25000,1,True,False
cal_K1a,0.05,40000,1,True,True
cal_K1b,0.05,40000,1,True,True
cal_K2a,0.05,40000,1,True,True
cal_K2b,0.05,40000,1,True,True
cal_K3a,0.05,40000,1,True,True
cal_K3b,0.05,40000,1,True,True
cal_K4a,0.05,40000,1,True,True
cal_K4b,0.05,40000,1,True,True
cal_K5a,0.05,40000,0,True,True
cal_K5b,0.05,40000,0,True,True
cal_K6a,0.05,40000,1,True,True
cal_K6b,0.05,40000,1,True,True
cal_K7a,0.05,40000,1,True,True
cal_K7b,0.05,40000,1,True,True
cal_K8a,0.05,40000,1,True,False
cal_K8b,0.05,40000,1,True,False
cal_K1a,0.1,0,1,True,True
cal_K1b,0.1,0,1,True,True
cal_K2a,0.1,0,1,True,True
cal_K2b,0.1,0,1,True,True
cal_K3a,0.1,0,1,True,True
cal_K3b,0.1,0,1,True,True
cal_K4a,0.1,0,1,True,True
cal_K4b,0.1,0,1,True,True
cal_K5a,0.1,0,1,True,True
cal_K5b,0.1,0,1,True,True
cal_K6a,0.1,0,1,True,True
cal_K6b,0.1,0,1,True,True
cal_K7a,0.1,0,1,True,True
cal_K7b,0.1,0,1,True,True
cal_K8a,0.1,0,2,True,True
cal_K8b,0.1,0,2,True,True
cal_K1a,0.1,200,1,True,True
cal_K1b,0.1,200,1,True,True
cal_K2a,0.1,200,1,True,True
cal_K2b,0.1,200,1,True,True
cal_K3a,0.1,200,1,True,True
cal_K3b,0.1,200,1,True,True
cal_K4a,0.1,200,1,True,True
cal_K4b,0.1,200,1,True,True
cal_K5a,0.1,200,1,True,True
cal_K5b,0.1,200,1,True,True
cal_K6a,0.1,200,1,True,True
cal_K6b,0.1,200,1,True,True
cal_K7a,0.1,200,1,True,True
cal_K7b,0.1,200,1,True,True
cal_K8a,0.1,200,2,True,True
cal_K8b,0.1,200,2,True,True
cal_K1a,0.1,500,1,True,True
cal_K1b,0.1,500,1,True,True
cal_K2a,0.1,500,1,True,True
cal_K2b,0.1,500,1,True,True
cal_K3a,0.1,500,1,True,True
cal_K3b,0.1,500,1,True,True
cal_K4a,0.1,500,1,True,True
cal_K4b,0.1,500,1,True,True
cal_K5a,0.1,500,1,True,True
cal_K5b,0.1,500,1,True,True
cal_K6a,0.1,500,1,True,True
cal_K6b,0.1,500,1,True,True
cal_K7a,0.1,500,1,True,True
cal_K7b,0.1,500,1,True,True
cal_K8a,0.1,500,2,True,True
cal_K8b,0.1,500,2,True,True
cal_K1a,0.1,1000,1,True,True
cal_K1b,0.1,1000,1,True,True
cal_K2a,0.1,1000,1,True,True
cal_K2b,0.1,1000,1,True,True
cal_K3a,0.1,1000,1,True,True
cal_K3b,0.1,1000,1,True,True
cal_K4a,0.1,1000,1,True,True
cal_K4b,0.1,1000,1,True,True
cal_K5a,0.1,1000,1,True,True
cal_K5b,0.1,1000,1,True,True
cal_K6a,0.1,1000,1,True,True
cal_K6b,0.1,1000,1,True,True
cal_K7a,0.1,1000,1,True,True
cal_K7b,0.1,1000,1,True,True
cal_K8a,0.1,1000,2,True,True
cal_K8b,0.1,1000,2,True,True
cal_K1a,0.1,2000,1,True,True
cal_K1b,0.1,2000,1,True,True
cal_K2a,0.1,2000,1,True,True
cal_K2b,0.1,2000,1,True,True
cal_K3a,0.1,2000,1,True,True
cal_K3b,0.1,2000,1,True,True
cal_K4a,0.1,2000,1,True,True
cal_K4b,0.1,2000,1,True,True
cal_K5a,0.1,2000,1,True,True
cal_K5b,0.1,2000,1,True,True
cal_K6a,0.1,2000,1,True,True
cal_K6b,0.1,2000,1,True,True
cal_K7a,0.1,2000,1,True,True
cal_K7b,0.1,2000,1,True,True
cal_K8a,0.1,2000,2,True,True
cal_K8b,0.1,2000,2,True,True
cal_K1a,0.1,10000,1,True,True
cal_K1b,0.1,10000,1,True,True
cal_K2a,0.1,10000,1,True,True
cal_K2b,0.1,10000,1,True,True
cal_K3a,0.1,10000,1,True,True
cal_K3b,0.1,10000,1,True,True
cal_K4a,0.1,10000,1,True,True
cal_K4b,0.1,10000,1,True,True
cal_K5a,0.1,10000,1,True,True
cal_K5b,0.1,10000,1,True,True
cal_K6a,0.1,10000,1,True,True
cal_K6b,0.1,10000,1,True,True
cal_K7a,0.1,10000,1,True,True
cal_K7b,0.1,10000,1,True,True
cal_K8a,0.1,10000,2,True,True
cal_K8b,0.1,10000,2,True,True
cal_K1a,0.1,25000,1,True,True
cal_K1b,0.1,25000,1,True,True
cal_K2a,0.1,25000,1,True,True
cal_K2b,0.1,25000,1,True,True
cal_K3a,0.1,25000,1,True,True
cal_K3b,0.1,25000,1,True,True
cal_K4a,0.1,25000,1,True,True
cal_K4b,0.1,25000,1,True,True
cal_K5a,0.1,25000,1,True,True
cal_K5b,0.1,25000,0,True,True
cal_K6a,0.1,25000,1,True,True
cal_K6b,0.1,25000,1,True,True
cal_K7a,0.1,25000,1,True,True
cal_K7b,0.1,25000,1,True,True
cal_K8a,0.1,25000,2,True,True
cal_K8b,0.1,25000,1,True,False
cal_K1a,0.1,40000,1,True,True
cal_K1b,0.1,40000,1,True,True
cal_K2a,0.1,40000,1,True,True
cal_K2b,0.1,40000,1,True,True
cal_K3a,0.1,40000,1,True,True
cal_K3b,0.1,40000,1,True,True
cal_K4a,0.1,40000,1,True,True
cal_K4b,0.1,40000,1,True,True
cal_K5a,0.1,40000,0,True,True
cal_K5b,0.1,40000,0,True,True
cal_K6a,0.1,40000,1,True,True
cal_K6b,0.1,40000,1,True,True
cal_K7a,0.1,40000,1,True,True
cal_K7b,0.1,40000,1,True,True
cal_K8a,0.1,40000,1,True,False
cal_K8b,0.1,40000,1,True,False
cal_K1a,0.5,0,1,True,True
cal_K1b,0.5,0,1,True,True
cal_K2a,0.5,0,1,True,True
cal_K2b,0.5,0,1,True,True
cal_K3a,0.5,0,1,True,True
cal_K3b,0.5,0,1,True,True
cal_K4a,0.5,0,1,True,True
cal_K4b,0.5,0,1,True,True
cal_K5a,0.5,0,1,True,True
cal_K5b,0.5,0,1,True,True
cal_K6a,0.5,0,1,True,True
cal_K6b,0.5,0,1,True,True
cal_K7a,0.5,0,1,True,True
cal_K7b,0.5,0,1,True,True
cal_K8a,0.5,0,2,True,True
cal_K8b,0.5,0,2,True,True
cal_K1a,0.5,200,1,True,True
cal_K1b,0.5,200,1,True,True
cal_K2a,0.5,200,1,True,True
cal_K2b,0.5,200,1,True,True
cal_K3a,0.5,200,1,True,True
cal_K3b,0.5,200,1,True,True
cal_K4a,0.5,200,1,True,True
cal_K4b,0.5,200,1,True,True
cal_K5a,0.5,200,1,True,True
cal_K5b,0.5,200,1,True,True
cal_K6a,0.5,200,1,True,True
cal_K6b,0.5,200,1,True,True
cal_K7a,0.5,200,1,True,True
cal_K7b,0.5,200,1,True,True
cal_K8a,0.5,200,2,True,True
cal_K8b,0.5,200,2,True,True
cal_K1a,0.5,500,1,True,True
cal_K1b,0.5,500,1,True,True
cal_K2a,0.5,500,1,True,True
cal_K2b,0.5,500,1,True,True
cal_K3a,0.5,500,1,True,True
cal_K3b,0.5,500,1,True,True
cal_K4a,0.5,500,1,True,True
cal_K4b,0.5,500,1,True,True
cal_K5a,0.5,500,1,True,True
cal_K5b,0.5,500,1,True,True
cal_K6a,0.5,500,1,True,True
cal_K6b,0.5,500,1,True,True
cal_K7a,0.5,500,1,True,True
cal_K7b,0.5,500,1,True,True
cal_K8a,0.5,500,2,True,True
cal_K8b,0.5,500,2,True,True
cal_K1a,0.5,1000,1,True,True
cal_K1b,0.5,1000,1,True,True
cal_K2a,0.5,1000,1,True,True
cal_K2b,0.5,1000,1,True,True
cal_K3a,0.5,1000,1,True,True
cal_K3b,0.5,1000,1,True,True
cal_K4a,0.5,1000,1,True,True
cal_K4b,0.5,1000,1,True,True
cal_K5a,0.5,1000,1,True,True
cal_K5b,0.5,1000,1,True,True
cal_K6a,0.5,1000,1,True,True
cal_K6b,0.5,1000,1,True,True
cal_K7a,0.5,1000,1,True,True
cal_K7b,0.5,1000,1,True,True
cal_K8a,0.5,1000,2,True,True
cal_K8b,0.5,1000,2,True,True
cal_K1a,0.5,2000,1,True,True
cal_K1b,0.5,2000,1,True,True
cal_K2a,0.5,2000,1,True,True
cal_K2b,0.5,2000,1,True,True
cal_K3a,0.5,2000,1,True,True
cal_K3b,0.5,2000,1,True,True
cal_K4a,0.5,2000,1,True,True
cal_K4b,0.5,2000,1,True,True
cal_K5a,0.5,2000,1,True,True
cal_K5b,0.5,2000,1,True,True
cal_K6a,0.5,2000,1,True,True
cal_K6b,0.5,2000,1,True,True
cal_K7a,0.5,2000,1,True,True
cal_K7b,0.5,2000,1,True,True
cal_K8a,0.5,2000,2,True,True
cal_K8b,0.5,2000,2,True,True
cal_K1a,0.5,10000,1,True,True
cal_K1b,0.5,10000,1,True,True
cal_K2a,0.5,10000,1,True,True
cal_K2b,0.5,10000,1,True,True
cal_K3a,0.5,10000,1,True,True
cal_K3b,0.5,10000,1,True,True
cal_K4a,0.5,10000,1,True,True
cal_K4b,0.5,10000,1,True,True
cal_K5a,0.5,10000,1,True,True
cal_K5b,0.5,10000,1,True,True
cal_K6a,0.5,10000,1,True,True
cal_K6b,0.5,10000,1,True,True
cal_K7a,0.5,10000,1,True,True
cal_K7b,0.5,10000,1,True,True
cal_K8a,0.5,10000,2,True,True
cal_K8b,0.5,10000,2,True,True
cal_K1a,0.5,25000,1,True,True
cal_K1b,0.5,25000,1,True,True
cal_K2a,0.5,25000,1,True,True
cal_K2b,0.5,25000,1,True,True
cal_K3a,0.5,25000,1,True,True
cal_K3b,0.5,25000,1,True,True
cal_K4a,0.5,25000,1,True,True
cal_K4b,0.5,25000,1,True,True
cal_K5a,0.5,25000,1,True,True
cal_K5b,0.5,25000,0,True,True
cal_K6a,0.5,25000,1,True,True
cal_K6b,0.5,25000,1,True,True
cal_K7a,0.5,25000,1,True,True
cal_K7b,0.5,25000,1,True,True
cal_K8a,0.5,25000,2,True,True
cal_K8b,0.5,25000,1,True,False
cal_K1a,0.5,40000,1,True,True
cal_K1b,0.5,40000,1,True,True
cal_K2a,0.5,40000,1,True,True
cal_K2b,0.5,40000,1,True,True
cal_K3a,0.5,40000,1,True,True
cal_K3b,0.5,40000,1,True,True
cal_K4a,0.5,40000,1,True,True
cal_K4b,0.5,40000,1,True,True
cal_K5a,0.5,40000,0,True,True
cal_K5b,0.5,40000,0,True,True
cal_K6a,0.5,40000,1,True,True
cal_K6b,0.5,40000,1,True,True
cal_K7a,0.5,40000,1,True,True
cal_K7b,0.5,40000,1,True,True
cal_K8a,0.5,40000,1,True,False
cal_K8b,0.5,40000,1,True,False
cal_K1a,0.9,0,1,True,True
cal_K1b,0.9,0,1,True,True
cal_K2a,0.9,0,1,True,True
cal_K2b,0.9,0,1,True,True
cal_K3a,0.9,0,1,True,True
cal_K3b,0.9,0,1,True,True
cal_K4a,0.9,0,1,True,True
cal_K4b,0.9,0,1,True,True
cal_K5a,0.9,0,1,True,True
cal_K5b,0.9,0,1,True,True
cal_K6a,0.9,0,1,True,True
cal_K6b,0.9,0,1,True,True
cal_K7a,0.9,0,1,True,True
cal_K7b,0.9,0,1,True,True
cal_K8a,0.9,0,2,True,True
cal_K8b,0.9,0,2,True,True
cal_K1a,0.9,200,1,True,True
cal_K1b,0.9,200,1,True,True
cal_K2a,0.9,200,1,True,True
cal_K2b,0.9,200,1,True,True
cal_K3a,0.9,200,1,True,True
cal_K3b,0.9,200,1,True,True
cal_K4a,0.9,200,1,True,True
cal_K4b,0.9,200,1,True,True
cal_K5a,0.9,200,1,True,True
cal_K5b,0.9,200,1,True,True
cal_K6a,0.9,200,1,True,True
cal_K6b,0.9,200,1,True,True
cal_K7a,0.9,200,1,True,True
cal_K7b,0.9,200,1,True,True
cal_K8a,0.9,200,2,True,True
cal_K8b,0.9,200,2,True,True
cal_K1a,0.9,500,1,True,True
cal_K1b,0.9,500,1,True,True
cal_K2a,0.9,500,1,True,True
cal_K2b,0.9,500,1,True,True
cal_K3a,0.9,500,1,True,True
cal_K3b,0.9,500,1,True,True
cal_K4a,0.9,500,1,True,True
cal_K4b,0.9,500,1,True,True
cal_K5a,0.9,500,1,True,True
cal_K5b,0.9,500,1,True,True
cal_K6a,0.9,500,1,True,True
cal_K6b,0.9,500,1,True,True
cal_K7a,0.9,500,1,True,True
cal_K7b,0.9,500,1,True,True
cal_K8a,0.9,500,2,True,True
cal_K8b,0.9,500,2,True,True
cal_K1a,0.9,1000,1,True,True
cal_K1b,0.9,1000,1,True,True
cal_K2a,0.9,1000,1,True,True
cal_K2b,0.9,1000,1,True,True
cal_K3a,0.9,1000,1,True,True
cal_K3b,0.9,1000,1,True,True
cal_K4a,0.9,1000,1,True,True
cal_K4b,0.9,1000,1,True,True
cal_K5a,0.9,1000,1,True,True
cal_K5b,0.9,1000,1,True,True
cal_K6a,0.9,1000,1,True,True
cal_K6b,0.9,1000,1,True,True
cal_K7a,0.9,1000,1,True,True
cal_K7b,0.9,1000,1,True,True
cal_K8a,0.9,1000,2,True,True
cal_K8b,0.9,1000,2,True,True
cal_K1a,0.9,2000,1,True,True
cal_K1b,0.9,2000,1,True,True
cal_K2a,0.9,2000,1,True,True
cal_K2b,0.9,2000,1,True,True
cal_K3a,0.9,2000,1,True,True
cal_K3b,0.9,2000,1,True,True
cal_K4a,0.9,2000,1,True,True
cal_K4b,0.9,2000,1,True,True
cal_K5a,0.9,2000,1,True,True
cal_K5b,0.9,2000,1,True,True
cal_K6a,0.9,2000,1,True,True
cal_K6b,0.9,2000,1,True,True
cal_K7a,0.9,2000,1,True,True
cal_K7b,0.9,2000,1,True,True
cal_K8a,0.9,2000,2,True,True
cal_K8b,0.9,2000,2,True,True
cal_K1a,0.9,10000,1,True,True
cal_K1b,0.9,10000,1,True,True
cal_K2a,0.9,10000,1,True,True
cal_K2b,0.9,10000,1,True,True
cal_K3a,0.9,10000,1,True,True
cal_K3b,0.9,10000,1,True,True
cal_K4a,0.9,10000,1,True,True
cal_K4b,0.9,10000,1,True,True
cal_K5a,0.9,10000,1,True,True
cal_K5b,0.9,10000,1,True,True
cal_K6a,0.9,10000,1,True,True
cal_K6b,0.9,10000,1,True,True
cal_K7a,0.9,10000,1,True,True
cal_K7b,0.9,10000,1,True,True
cal_K8a,0.9,10000,2,True,True
cal_K8b,0.9,10000,2,True,True
cal_K1a,0.9,25000,1,True,True
cal_K1b,0.9,25000,1,True,True
cal_K2a,0.9,25000,1,True,True
cal_K2b,0.9,25000,1,True,True
cal_K3a,0.9,25000,1,True,True
cal_K3b,0.9,25000,1,True,True
cal_K4a,0.9,25000,1,True,True
cal_K4b,0.9,25000,1,True,True
cal_K5a,0.9,25000,1,True,True
cal_K5b,0.9,25000,0,True,True
cal_K6a,0.9,25000,1,True,True
cal_K6b,0.9,25000,1,True,True
cal_K7a,0.9,25000,1,True,True
cal_K7b,0.9,25000,1,True,True
cal_K8a,0.9,25000,2,True,True
cal_K8b,0.9,25000,1,True,False
cal_K1a,0.9,40000,1,True,True
cal_K1b,0.9,40000,1,True,True
cal_K2a,0.9,40000,1,True,True
cal_K2b,0.9,40000,1,True,True
cal_K3a,0.9,40000,1,True,True
cal_K3b,0.9,40000,1,True,True
cal_K4a,0.9,40000,1,True,True
cal_K4b,0.9,40000,1,True,True
cal_K5a,0.9,40000,0,True,True
cal_K5b,0.9,40000,0,True,True
cal_K6a,0.9,40000,1,True,True
cal_K6b,0.9,40000,1,True,True
cal_K7a,0.9,40000,1,True,True
cal_K7b,0.9,40000,1,True,True
cal_K8a,0.9,40000,1,True,False
cal_K8b,0.9,40000,1,True,False
cal_K1a,1.1,0,0,False,False
cal_K1b,1.1,0,0,False,False
cal_K2a,1.1,0,0,False,False
cal_K2b,1.1,0,0,False,False
cal_K3a,1.1,0,0,False,False
cal_K3b,1.1,0,0,False,False
cal_K4a,1.1,0,0,False,False
cal_K4b,1.1,0,0,False,False
cal_K5a,1.1,0,0,False,True
cal_K5b,1.1,0,0,False,True
cal_K6a,1.1,0,0,False,True
cal_K6b,1.1,0,0,False,True
cal_K7a,1.1,0,0,False,False
cal_K7b,1.1,0,0,False,False
cal_K8a,1.1,0,0,False,False
cal_K8b,1.1,0,0,False,False
cal_K1a,1.1,200,0,False,False
cal_K1b,1.1,200,0,False,False
cal_K2a,1.1,200,0,False,False
cal_K2b,1.1,200,0,False,False
cal_K3a,1.1,200,0,False,False
cal_K3b,1.1,200,0,False,False
cal_K4a,1.1,200,0,False,False
cal_K4b,1.1,200,0,False,False
cal_K5a,1.1,200,0,False,True
cal_K5b,1.1,200,0,False,True
cal_K6a,1.1,200,0,False,True
cal_K6b,1.1,200,0,False,True
cal_K7a,1.1,200,0,False,False
cal_K7b,1.1,200,0,False,False
cal_K8a,1.1,200,0,False,False
cal_K8b,1.1,200,0,False,False
cal_K1a,1.1,500,0,False,False
cal_K1b,1.1,500,0,False,False
cal_K2a,1.1,500,0,False,False
cal_K2b,1.1,500,0,False,False
cal_K3a,1.1,500,0,False,False
cal_K3b,1.1,500,0,False,False
cal_K4a,1.1,500,0,False,False
cal_K4b,1.1,500,0,False,False
cal_K5a,1.1,500,0,False,True
cal_K5b,1.1,500,0,False,True
cal_K6a,1.1,500,0,False,True
cal_K6b,1.1,500,0,False,True
cal_K7a,1.1,500,0,False,False
cal_K7b,1.1,500,0,False,False
cal_K8a,1.1,500,0,False,False
cal_K8b,1.1,500,0,False,False
cal_K1a,1.1,1000,0,False,False
cal_K1b,1.1,1000,0,False,False
cal_K2a,1.1,1000,0,False,False
cal_K2b,1.1,1000,0,False,False
cal_K3a,1.1,1000,0,False,False
cal_K3b,1.1,1000,0,False,False
cal_K4a,1.1,1000,0,False,False
cal_K4b,1.1,1000,0,False,False
cal_K5a,1.1,1000,0,False,True
cal_K5b,1.1,1000,0,False,True
cal_K6a,1.1,1000,0,False,True
cal_K6b,1.1,1000,0,False,True
cal_K7a,1.1,1000,0,False,False
cal_K7b,1.1,1000,0,False,False
cal_K8a,1.1,1000,0,False,False
cal_K8b,1.1,1000,0,False,False
cal_K1a,1.1,2000,0,False,False
cal_K1b,1.1,2000,0,False,False
cal_K2a,1.1,2000,0,False,False
cal_K2b,1.1,2000,0,False,False
cal_K3a,1.1,2000,0,False,False
cal_K3b,1.1,2000,0,False,False
cal_K4a,1.1,2000,0,False,False
cal_K4b,1.1,2000,0,False,False
cal_K5a,1.1,2000,0,False,True
cal_K5b,1.1,2000,0,False,True
cal_K6a,1.1,2000,0,False,True
cal_K6b,1.1,2000,0,False,True
cal_K7a,1.1,2000,0,False,False
cal_K7b,1.1,2000,0,False,False
cal_K8a,1.1,2000,0,False,False
cal_K8b,1.1,2000,0,False,False
cal_K1a,1.1,10000,0,False,False
cal_K1b,1.1,10000,0,False,False
cal_K2a,1.1,10000,0,False,False
cal_K2b,1.1,10000,0,False,False
cal_K3a,1.1,10000,0,False,False
cal_K3b,1.1,10000,0,False,False
cal_K4a,1.1,10000,0,False,False
cal_K4b,1.1,10000,0,False,False
cal_K5a,1.1,10000,0,False,True
cal_K5b,1.1,10000,0,False,True
cal_K6a,1.1,10000,0,False,True
cal_K6b,1.1,10000,0,False,True
cal_K7a,1.1,10000,0,False,False
cal_K7b,1.1,10000,0,False,False
cal_K8a,1.1,10000,0,False,False
cal_K8b,1.1,10000,0,False,False
cal_K1a,1.1,25000,0,False,False
cal_K1b,1.1,25000,0,False,False
cal_K2a,1.1,25000,0,False,False
cal_K2b,1.1,25000,0,False,False
cal_K3a,1.1,25000,0,False,False
cal_K3b,1.1,25000,0,False,False
cal_K4a,1.1,25000,0,False,False
cal_K4b,1.1,25000,0,False,False
cal_K5a,1.1,25000,0,False,True
cal_K5b,1.1,25000,0,False,True
cal_K6a,1.1,25000,0,False,True
cal_K6b,1.1,25000,0,False,True
cal_K7a,1.1,25000,0,False,False
cal_K7b,1.1,25000,0,False,False
cal_K8a,1.1,25000,0,False,False
cal_K8b,1.1,25000,0,False,False
cal_K1a,1.1,40000,0,False,False
cal_K1b,1.1,40000,0,False,False
cal_K2a,1.1,40000,0,False,False
cal_K2b,1.1,40000,0,False,False
cal_K3a,1.1,40000,0,False,False
cal_K3b,1.1,40000,0,False,False
cal_K4a,1.1,40000,0,False,False
cal_K4b,1.1,40000,0,False,False
cal_K5a,1.1,40000,0,False,True
cal_K5b,1.1,40000,0,False,True
cal_K6a,1.1,40000,0,False,True
cal_K6b,1.1,40000,0,False,True
cal_K7a,1.1,40000,0,False,False
cal_K7b,1.1,40000,0,False,False
cal_K8a,1.1,40000,0,False,False
cal_K8b,1.1,40000,0,False,False
